group	fill
1	#FF7352
2	#FF7655
3	#FF7958
4	#FF7C5B
5	#FF7E5E
6	#FF8160
7	#FF8363
8	#FF8666
9	#FF8868
10	#FF8A6B
11	#FF8C6D
12	#FF8E6F
13	#FF9072
14	#FF9274
15	#FF9476
16	#FF9678
17	#FF987A
18	#FF997C
19	#FF9B7D
20	#FF9C7F
21	#FF9D81
22	#FF9F82
23	#FFA084
24	#FFA185
25	#FFA286
26	#FFA388
27	#FFA489
28	#FFA58A
29	#FFA68B
30	#FFA78C
31	#FFA78D
32	#FFA88D
33	#FFA98E
34	#FFA98F
35	#FFAA8F
36	#FFAA90
37	#FFAA90
38	#FFAA90
39	#FFAB90
40	#FFAB91
41	#FFAB91
42	#FFAB91
43	#FFAB90
44	#FFAA90
45	#FFAA90
46	#FFAA90
47	#FFAA8F
48	#FFA98F
49	#FFA98E
50	#FFA88D
51	#FFA78D
52	#FFA78C
53	#FFA68B
54	#FFA58A
55	#FFA489
56	#FFA387
57	#FFA286
58	#FFA185
59	#FFA084
60	#FF9F82
61	#FF9D80
62	#FF9C7F
63	#FF9A7D
64	#FF997B
65	#FF9779
66	#FF9678
67	#FF9475
68	#FF9273
69	#FF9071
70	#FF8E6F
71	#FF8C6D
72	#FF8A6A
73	#FF8868
74	#FF8565
75	#FF8363
76	#FF8160
77	#FF7E5D
78	#FF7B5A
79	#FF7857
80	#FF7654
81	#FF7351
82	#FF7958
83	#FF7C5B
84	#FF7F5E
85	#FF8261
86	#FF8464
87	#FF8767
88	#FF896A
89	#FF8C6C
90	#FF8E6F
91	#FF9071
92	#FF9274
93	#FF9476
94	#FF9678
95	#FF987A
96	#FF9A7C
97	#FF9C7E
98	#FF9D80
99	#FF9F82
100	#FFA084
101	#FFA286
102	#FFA387
103	#FFA489
104	#FFA68A
105	#FFA78C
106	#FFA88D
107	#FFA98E
108	#FFAA8F
109	#FFAB91
110	#FFAB92
111	#FFAC92
112	#FFAD93
113	#FFAE94
114	#FFAE95
115	#FFAF95
116	#FFAF96
117	#FFAF96
118	#FFB097
119	#FFB097
120	#FFB097
121	#FFB097
122	#FFB097
123	#FFB097
124	#FFB097
125	#FFB097
126	#FFB096
127	#FFAF96
128	#FFAF96
129	#FFAE95
130	#FFAE94
131	#FFAD94
132	#FFAD93
133	#FFAC92
134	#FFAB91
135	#FFAA90
136	#FFA98F
137	#FFA88E
138	#FFA78D
139	#FFA68B
140	#FFA58A
141	#FFA488
142	#FFA387
143	#FFA185
144	#FFA083
145	#FF9E82
146	#FF9D80
147	#FF9B7E
148	#FF997C
149	#FF977A
150	#FF9677
151	#FF9475
152	#FF9273
153	#FF8F70
154	#FF8D6E
155	#FF8B6B
156	#FF8969
157	#FF8666
158	#FF8463
159	#FF8160
160	#FF7E5D
161	#FF7B5A
162	#FF7857
163	#FF805F
164	#FF8262
165	#FF8565
166	#FF8868
167	#FF8A6B
168	#FF8D6D
169	#FF8F70
170	#FF9173
171	#FF9475
172	#FF9678
173	#FF987A
174	#FF9A7C
175	#FF9C7F
176	#FF9E81
177	#FF9F83
178	#FFA185
179	#FFA387
180	#FFA489
181	#FFA68B
182	#FFA78C
183	#FFA88E
184	#FFAA8F
185	#FFAB91
186	#FFAC92
187	#FFAD94
188	#FFAE95
189	#FFAF96
190	#FFB097
191	#FFB198
192	#FFB199
193	#FFB29A
194	#FFB39A
195	#FFB39B
196	#FFB49C
197	#FFB49C
198	#FFB59D
199	#FFB59D
200	#FFB59D
201	#FFB59D
202	#FFB59E
203	#FFB59E
204	#FFB59E
205	#FFB59D
206	#FFB59D
207	#FFB59D
208	#FFB49C
209	#FFB49C
210	#FFB39B
211	#FFB39B
212	#FFB29A
213	#FFB299
214	#FFB198
215	#FFB097
216	#FFAF96
217	#FFAF95
218	#FFAE94
219	#FFAD93
220	#FFAB91
221	#FFAA90
222	#FFA98F
223	#FFA88D
224	#FFA68B
225	#FFA58A
226	#FFA388
227	#FFA286
228	#FFA084
229	#FF9E82
230	#FF9D80
231	#FF9B7D
232	#FF997B
233	#FF9779
234	#FF9576
235	#FF9274
236	#FF9071
237	#FF8E6F
238	#FF8B6C
239	#FF8969
240	#FF8666
241	#FF8463
242	#FF8160
243	#FF7E5D
244	#FF8565
245	#FF8868
246	#FF8B6B
247	#FF8D6E
248	#FF9071
249	#FF9274
250	#FF9576
251	#FF9779
252	#FF997C
253	#FF9B7E
254	#FF9D80
255	#FF9F83
256	#FFA185
257	#FFA387
258	#FFA589
259	#FFA68B
260	#FFA88D
261	#FFA98F
262	#FFAB91
263	#FFAC93
264	#FFAE94
265	#FFAF96
266	#FFB097
267	#FFB199
268	#FFB29A
269	#FFB39B
270	#FFB49C
271	#FFB59D
272	#FFB69E
273	#FFB79F
274	#FFB7A0
275	#FFB8A1
276	#FFB8A1
277	#FFB9A2
278	#FFB9A3
279	#FFB9A3
280	#FFBAA3
281	#FFBAA4
282	#FFBAA4
283	#FFBAA4
284	#FFBAA4
285	#FFBAA4
286	#FFBAA4
287	#FFBAA3
288	#FFBAA3
289	#FFB9A3
290	#FFB9A2
291	#FFB8A2
292	#FFB8A1
293	#FFB7A0
294	#FFB79F
295	#FFB69E
296	#FFB59E
297	#FFB49C
298	#FFB39B
299	#FFB29A
300	#FFB199
301	#FFB097
302	#FFAF96
303	#FFAE95
304	#FFAD93
305	#FFAB91
306	#FFAA8F
307	#FFA88E
308	#FFA78C
309	#FFA58A
310	#FFA388
311	#FFA185
312	#FFA083
313	#FF9E81
314	#FF9C7F
315	#FF9A7C
316	#FF977A
317	#FF9577
318	#FF9374
319	#FF9072
320	#FF8E6F
321	#FF8B6C
322	#FF8969
323	#FF8666
324	#FF8363
325	#FF8B6B
326	#FF8E6E
327	#FF9071
328	#FF9374
329	#FF9577
330	#FF987A
331	#FF9A7C
332	#FF9C7F
333	#FF9E82
334	#FFA084
335	#FFA287
336	#FFA489
337	#FFA68B
338	#FFA88D
339	#FFAA8F
340	#FFAB91
341	#FFAD93
342	#FFAE95
343	#FFB097
344	#FFB199
345	#FFB39A
346	#FFB49C
347	#FFB59D
348	#FFB69F
349	#FFB7A0
350	#FFB8A1
351	#FFB9A2
352	#FFBAA3
353	#FFBBA4
354	#FFBBA5
355	#FFBCA6
356	#FFBDA7
357	#FFBDA8
358	#FFBEA8
359	#FFBEA9
360	#FFBEA9
361	#FFBFA9
362	#FFBFAA
363	#FFBFAA
364	#FFBFAA
365	#FFBFAA
366	#FFBFAA
367	#FFBFAA
368	#FFBFA9
369	#FFBEA9
370	#FFBEA9
371	#FFBEA8
372	#FFBDA8
373	#FFBDA7
374	#FFBCA6
375	#FFBBA5
376	#FFBBA4
377	#FFBAA3
378	#FFB9A2
379	#FFB8A1
380	#FFB7A0
381	#FFB69F
382	#FFB59D
383	#FFB49C
384	#FFB39A
385	#FFB199
386	#FFB097
387	#FFAE95
388	#FFAD93
389	#FFAB91
390	#FFAA8F
391	#FFA88D
392	#FFA68B
393	#FFA489
394	#FFA287
395	#FFA084
396	#FF9E82
397	#FF9C7F
398	#FF9A7D
399	#FF987A
400	#FF9577
401	#FF9374
402	#FF9071
403	#FF8E6E
404	#FF8B6B
405	#FF8868
406	#FF9071
407	#FF9374
408	#FF9577
409	#FF987A
410	#FF9A7D
411	#FF9D80
412	#FF9F82
413	#FFA185
414	#FFA388
415	#FFA58A
416	#FFA78C
417	#FFA98F
418	#FFAB91
419	#FFAD93
420	#FFAF95
421	#FFB097
422	#FFB299
423	#FFB39B
424	#FFB59D
425	#FFB69F
426	#FFB7A0
427	#FFB9A2
428	#FFBAA3
429	#FFBBA5
430	#FFBCA6
431	#FFBDA7
432	#FFBEA8
433	#FFBFA9
434	#FFBFAA
435	#FFC0AB
436	#FFC1AC
437	#FFC1AD
438	#FFC2AD
439	#FFC2AE
440	#FFC3AE
441	#FFC3AF
442	#FFC3AF
443	#FFC3AF
444	#FFC3B0
445	#FFC4B0
446	#FFC4B0
447	#FFC3B0
448	#FFC3AF
449	#FFC3AF
450	#FFC3AF
451	#FFC3AE
452	#FFC2AE
453	#FFC2AD
454	#FFC1AD
455	#FFC1AC
456	#FFC0AB
457	#FFBFAA
458	#FFBEA9
459	#FFBEA8
460	#FFBDA7
461	#FFBCA6
462	#FFBBA4
463	#FFBAA3
464	#FFB8A1
465	#FFB7A0
466	#FFB69E
467	#FFB49D
468	#FFB39B
469	#FFB199
470	#FFB097
471	#FFAE95
472	#FFAC93
473	#FFAB91
474	#FFA98E
475	#FFA78C
476	#FFA58A
477	#FFA387
478	#FFA185
479	#FF9E82
480	#FF9C7F
481	#FF9A7C
482	#FF9779
483	#FF9577
484	#FF9274
485	#FF8F70
486	#FF8D6D
487	#FF9577
488	#FF987A
489	#FF9A7D
490	#FF9D80
491	#FF9F83
492	#FFA185
493	#FFA488
494	#FFA68B
495	#FFA88D
496	#FFAA90
497	#FFAC92
498	#FFAE95
499	#FFB097
500	#FFB299
501	#FFB39B
502	#FFB59D
503	#FFB69F
504	#FFB8A1
505	#FFB9A3
506	#FFBBA4
507	#FFBCA6
508	#FFBDA8
509	#FFBEA9
510	#FFBFAA
511	#FFC0AC
512	#FFC1AD
513	#FFC2AE
514	#FFC3AF
515	#FFC4B0
516	#FFC5B1
517	#FFC5B2
518	#FFC6B2
519	#FFC6B3
520	#FFC7B4
521	#FFC7B4
522	#FFC7B5
523	#FFC8B5
524	#FFC8B5
525	#FFC8B5
526	#FFC8B5
527	#FFC8B5
528	#FFC8B5
529	#FFC8B5
530	#FFC7B5
531	#FFC7B4
532	#FFC7B4
533	#FFC6B3
534	#FFC6B3
535	#FFC6B2
536	#FFC5B1
537	#FFC4B1
538	#FFC4B0
539	#FFC3AF
540	#FFC2AE
541	#FFC1AC
542	#FFC0AB
543	#FFBFAA
544	#FFBEA8
545	#FFBDA7
546	#FFBBA5
547	#FFBAA4
548	#FFB9A2
549	#FFB7A0
550	#FFB69E
551	#FFB49C
552	#FFB39A
553	#FFB198
554	#FFAF96
555	#FFAD94
556	#FFAB91
557	#FFA98F
558	#FFA78C
559	#FFA58A
560	#FFA387
561	#FFA184
562	#FF9E81
563	#FF9C7F
564	#FF997C
565	#FF9779
566	#FF9476
567	#FF9172
568	#FF9A7C
569	#FF9C7F
570	#FF9F82
571	#FFA185
572	#FFA488
573	#FFA68B
574	#FFA88E
575	#FFAA90
576	#FFAD93
577	#FFAF95
578	#FFB198
579	#FFB29A
580	#FFB49C
581	#FFB69F
582	#FFB8A1
583	#FFB9A3
584	#FFBBA5
585	#FFBCA6
586	#FFBEA8
587	#FFBFAA
588	#FFC0AC
589	#FFC2AD
590	#FFC3AF
591	#FFC4B0
592	#FFC5B1
593	#FFC6B2
594	#FFC7B4
595	#FFC7B5
596	#FFC8B6
597	#FFC9B6
598	#FFC9B7
599	#FFCAB8
600	#FFCBB9
601	#FFCBB9
602	#FFCBBA
603	#FFCCBA
604	#FFCCBA
605	#FFCCBB
606	#FFCCBB
607	#FFCCBB
608	#FFCCBB
609	#FFCCBB
610	#FFCCBA
611	#FFCCBA
612	#FFCBBA
613	#FFCBB9
614	#FFCBB9
615	#FFCAB8
616	#FFCAB8
617	#FFC9B7
618	#FFC8B6
619	#FFC8B5
620	#FFC7B4
621	#FFC6B3
622	#FFC5B2
623	#FFC4B0
624	#FFC3AF
625	#FFC2AE
626	#FFC1AC
627	#FFC0AB
628	#FFBEA9
629	#FFBDA7
630	#FFBBA5
631	#FFBAA3
632	#FFB8A1
633	#FFB79F
634	#FFB59D
635	#FFB39B
636	#FFB199
637	#FFAF96
638	#FFAD94
639	#FFAB91
640	#FFA98F
641	#FFA78C
642	#FFA589
643	#FFA286
644	#FFA084
645	#FF9D81
646	#FF9B7E
647	#FF987A
648	#FF9577
649	#FF9E82
650	#FFA185
651	#FFA388
652	#FFA68B
653	#FFA88E
654	#FFAB90
655	#FFAD93
656	#FFAF96
657	#FFB198
658	#FFB39B
659	#FFB59D
660	#FFB79F
661	#FFB9A2
662	#FFBAA4
663	#FFBCA6
664	#FFBEA8
665	#FFBFAA
666	#FFC1AC
667	#FFC2AE
668	#FFC3AF
669	#FFC5B1
670	#FFC6B2
671	#FFC7B4
672	#FFC8B5
673	#FFC9B7
674	#FFCAB8
675	#FFCBB9
676	#FFCCBA
677	#FFCCBB
678	#FFCDBC
679	#FFCEBD
680	#FFCEBD
681	#FFCFBE
682	#FFCFBE
683	#FFCFBF
684	#FFD0BF
685	#FFD0C0
686	#FFD0C0
687	#FFD0C0
688	#FFD0C0
689	#FFD0C0
690	#FFD0C0
691	#FFD0C0
692	#FFD0BF
693	#FFCFBF
694	#FFCFBF
695	#FFCFBE
696	#FFCEBD
697	#FFCEBD
698	#FFCDBC
699	#FFCCBB
700	#FFCCBA
701	#FFCBB9
702	#FFCAB8
703	#FFC9B7
704	#FFC8B5
705	#FFC7B4
706	#FFC6B3
707	#FFC5B1
708	#FFC3B0
709	#FFC2AE
710	#FFC1AC
711	#FFBFAA
712	#FFBEA8
713	#FFBCA6
714	#FFBBA4
715	#FFB9A2
716	#FFB7A0
717	#FFB59E
718	#FFB39B
719	#FFB199
720	#FFAF96
721	#FFAD94
722	#FFAB91
723	#FFA98E
724	#FFA68B
725	#FFA488
726	#FFA185
727	#FF9F82
728	#FF9C7F
729	#FF997C
730	#FFA387
731	#FFA58A
732	#FFA88D
733	#FFAA90
734	#FFAC93
735	#FFAF96
736	#FFB198
737	#FFB39B
738	#FFB59D
739	#FFB7A0
740	#FFB9A2
741	#FFBBA5
742	#FFBDA7
743	#FFBEA9
744	#FFC0AB
745	#FFC2AD
746	#FFC3AF
747	#FFC5B1
748	#FFC6B3
749	#FFC7B4
750	#FFC9B6
751	#FFCAB8
752	#FFCBB9
753	#FFCCBA
754	#FFCDBC
755	#FFCEBD
756	#FFCFBE
757	#FFCFBF
758	#FFD0C0
759	#FFD1C1
760	#FFD2C2
761	#FFD2C2
762	#FFD3C3
763	#FFD3C4
764	#FFD3C4
765	#FFD4C4
766	#FFD4C5
767	#FFD4C5
768	#FFD4C5
769	#FFD4C5
770	#FFD4C5
771	#FFD4C5
772	#FFD4C5
773	#FFD4C4
774	#FFD3C4
775	#FFD3C4
776	#FFD2C3
777	#FFD2C2
778	#FFD1C2
779	#FFD1C1
780	#FFD0C0
781	#FFCFBF
782	#FFCFBE
783	#FFCEBD
784	#FFCDBC
785	#FFCCBA
786	#FFCBB9
787	#FFCAB8
788	#FFC8B6
789	#FFC7B4
790	#FFC6B3
791	#FFC5B1
792	#FFC3AF
793	#FFC2AD
794	#FFC0AB
795	#FFBEA9
796	#FFBDA7
797	#FFBBA5
798	#FFB9A2
799	#FFB7A0
800	#FFB59D
801	#FFB39B
802	#FFB198
803	#FFAF95
804	#FFAC93
805	#FFAA90
806	#FFA88D
807	#FFA58A
808	#FFA387
809	#FFA084
810	#FF9D80
811	#FFA78C
812	#FFA98F
813	#FFAC92
814	#FFAE95
815	#FFB198
816	#FFB39B
817	#FFB59D
818	#FFB7A0
819	#FFB9A2
820	#FFBBA5
821	#FFBDA7
822	#FFBFAA
823	#FFC1AC
824	#FFC2AE
825	#FFC4B0
826	#FFC6B2
827	#FFC7B4
828	#FFC8B6
829	#FFCAB8
830	#FFCBB9
831	#FFCCBB
832	#FFCEBD
833	#FFCFBE
834	#FFD0BF
835	#FFD1C1
836	#FFD2C2
837	#FFD2C3
838	#FFD3C4
839	#FFD4C5
840	#FFD5C6
841	#FFD5C7
842	#FFD6C7
843	#FFD6C8
844	#FFD7C9
845	#FFD7C9
846	#FFD7C9
847	#FFD8CA
848	#FFD8CA
849	#FFD8CA
850	#FFD8CA
851	#FFD8CA
852	#FFD8CA
853	#FFD7CA
854	#FFD7C9
855	#FFD7C9
856	#FFD7C8
857	#FFD6C8
858	#FFD6C7
859	#FFD5C6
860	#FFD4C6
861	#FFD4C5
862	#FFD3C4
863	#FFD2C3
864	#FFD1C2
865	#FFD0C0
866	#FFCFBF
867	#FFCEBE
868	#FFCDBC
869	#FFCCBB
870	#FFCBB9
871	#FFC9B7
872	#FFC8B6
873	#FFC7B4
874	#FFC5B2
875	#FFC4B0
876	#FFC2AE
877	#FFC0AB
878	#FFBEA9
879	#FFBDA7
880	#FFBBA4
881	#FFB9A2
882	#FFB79F
883	#FFB49D
884	#FFB29A
885	#FFB097
886	#FFAE94
887	#FFAB91
888	#FFA98E
889	#FFA68B
890	#FFA388
891	#FFA185
892	#FFAB91
893	#FFAD94
894	#FFB097
895	#FFB29A
896	#FFB49D
897	#FFB79F
898	#FFB9A2
899	#FFBBA5
900	#FFBDA7
901	#FFBFAA
902	#FFC1AC
903	#FFC3AE
904	#FFC4B1
905	#FFC6B3
906	#FFC8B5
907	#FFC9B7
908	#FFCBB9
909	#FFCCBB
910	#FFCEBD
911	#FFCFBE
912	#FFD0C0
913	#FFD1C1
914	#FFD2C3
915	#FFD3C4
916	#FFD4C5
917	#FFD5C7
918	#FFD6C8
919	#FFD7C9
920	#FFD8CA
921	#FFD8CB
922	#FFD9CB
923	#FFD9CC
924	#FFDACD
925	#FFDACD
926	#FFDBCE
927	#FFDBCE
928	#FFDBCE
929	#FFDBCF
930	#FFDBCF
931	#FFDBCF
932	#FFDBCF
933	#FFDBCE
934	#FFDBCE
935	#FFDBCE
936	#FFDACD
937	#FFDACD
938	#FFDACC
939	#FFD9CC
940	#FFD9CB
941	#FFD8CA
942	#FFD7C9
943	#FFD7C8
944	#FFD6C7
945	#FFD5C6
946	#FFD4C5
947	#FFD3C4
948	#FFD2C2
949	#FFD1C1
950	#FFCFBF
951	#FFCEBD
952	#FFCDBC
953	#FFCCBA
954	#FFCAB8
955	#FFC9B6
956	#FFC7B4
957	#FFC5B2
958	#FFC4B0
959	#FFC2AD
960	#FFC0AB
961	#FFBEA9
962	#FFBCA6
963	#FFBAA3
964	#FFB8A1
965	#FFB69E
966	#FFB39B
967	#FFB198
968	#FFAF95
969	#FFAC92
970	#FFAA8F
971	#FFA78C
972	#FFA489
973	#FFAE95
974	#FFB198
975	#FFB39B
976	#FFB69E
977	#FFB8A1
978	#FFBAA4
979	#FFBCA7
980	#FFBFA9
981	#FFC1AC
982	#FFC3AE
983	#FFC4B1
984	#FFC6B3
985	#FFC8B5
986	#FFCAB7
987	#FFCBBA
988	#FFCDBC
989	#FFCEBE
990	#FFD0BF
991	#FFD1C1
992	#FFD2C3
993	#FFD4C4
994	#FFD5C6
995	#FFD6C7
996	#FFD7C9
997	#FFD8CA
998	#FFD9CB
999	#FFDACC
1000	#FFDACD
1001	#FFDBCE
1002	#FFDCCF
1003	#FFDCD0
1004	#FFDDD1
1005	#FFDDD1
1006	#FFDED2
1007	#FFDED2
1008	#FFDED3
1009	#FFDED3
1010	#FFDFD3
1011	#FFDFD3
1012	#FFDFD3
1013	#FFDFD3
1014	#FFDED3
1015	#FFDED3
1016	#FFDED2
1017	#FFDED2
1018	#FFDDD1
1019	#FFDDD1
1020	#FFDCD0
1021	#FFDCCF
1022	#FFDBCF
1023	#FFDBCE
1024	#FFDACD
1025	#FFD9CC
1026	#FFD8CA
1027	#FFD7C9
1028	#FFD6C8
1029	#FFD5C6
1030	#FFD4C5
1031	#FFD3C3
1032	#FFD1C2
1033	#FFD0C0
1034	#FFCFBE
1035	#FFCDBC
1036	#FFCCBA
1037	#FFCAB8
1038	#FFC8B6
1039	#FFC7B4
1040	#FFC5B1
1041	#FFC3AF
1042	#FFC1AD
1043	#FFBFAA
1044	#FFBDA7
1045	#FFBBA5
1046	#FFB9A2
1047	#FFB79F
1048	#FFB49C
1049	#FFB299
1050	#FFAF96
1051	#FFAD93
1052	#FFAA90
1053	#FFA78D
1054	#FFB29A
1055	#FFB59D
1056	#FFB7A0
1057	#FFB9A3
1058	#FFBCA6
1059	#FFBEA8
1060	#FFC0AB
1061	#FFC2AE
1062	#FFC4B0
1063	#FFC6B3
1064	#FFC8B5
1065	#FFCAB7
1066	#FFCBBA
1067	#FFCDBC
1068	#FFCFBE
1069	#FFD0C0
1070	#FFD2C2
1071	#FFD3C4
1072	#FFD4C6
1073	#FFD6C7
1074	#FFD7C9
1075	#FFD8CA
1076	#FFD9CC
1077	#FFDACD
1078	#FFDBCE
1079	#FFDCD0
1080	#FFDDD1
1081	#FFDED2
1082	#FFDED3
1083	#FFDFD3
1084	#FFE0D4
1085	#FFE0D5
1086	#FFE0D6
1087	#FFE1D6
1088	#FFE1D6
1089	#FFE1D7
1090	#FFE2D7
1091	#FFE2D7
1092	#FFE2D7
1093	#FFE2D7
1094	#FFE2D7
1095	#FFE2D7
1096	#FFE1D7
1097	#FFE1D7
1098	#FFE1D6
1099	#FFE1D6
1100	#FFE0D5
1101	#FFE0D4
1102	#FFDFD4
1103	#FFDED3
1104	#FFDED2
1105	#FFDDD1
1106	#FFDCD0
1107	#FFDBCF
1108	#FFDACD
1109	#FFD9CC
1110	#FFD8CA
1111	#FFD7C9
1112	#FFD6C7
1113	#FFD5C6
1114	#FFD3C4
1115	#FFD2C2
1116	#FFD0C0
1117	#FFCFBE
1118	#FFCDBC
1119	#FFCCBA
1120	#FFCAB8
1121	#FFC8B5
1122	#FFC6B3
1123	#FFC4B1
1124	#FFC2AE
1125	#FFC0AB
1126	#FFBEA9
1127	#FFBCA6
1128	#FFBAA3
1129	#FFB7A0
1130	#FFB59D
1131	#FFB29A
1132	#FFB097
1133	#FFAD94
1134	#FFAA90
1135	#FFB59E
1136	#FFB8A1
1137	#FFBAA4
1138	#FFBDA7
1139	#FFBFAA
1140	#FFC1AD
1141	#FFC3AF
1142	#FFC5B2
1143	#FFC7B4
1144	#FFC9B7
1145	#FFCBB9
1146	#FFCDBC
1147	#FFCFBE
1148	#FFD0C0
1149	#FFD2C2
1150	#FFD3C4
1151	#FFD5C6
1152	#FFD6C8
1153	#FFD8CA
1154	#FFD9CB
1155	#FFDACD
1156	#FFDBCE
1157	#FFDCD0
1158	#FFDDD1
1159	#FFDED3
1160	#FFDFD4
1161	#FFE0D5
1162	#FFE1D6
1163	#FFE1D7
1164	#FFE2D8
1165	#FFE3D8
1166	#FFE3D9
1167	#FFE4DA
1168	#FFE4DA
1169	#FFE4DB
1170	#FFE4DB
1171	#FFE5DB
1172	#FFE5DB
1173	#FFE5DB
1174	#FFE5DB
1175	#FFE5DB
1176	#FFE5DB
1177	#FFE4DB
1178	#FFE4DB
1179	#FFE4DA
1180	#FFE4DA
1181	#FFE3D9
1182	#FFE3D8
1183	#FFE2D8
1184	#FFE1D7
1185	#FFE1D6
1186	#FFE0D5
1187	#FFDFD4
1188	#FFDED2
1189	#FFDDD1
1190	#FFDCD0
1191	#FFDBCE
1192	#FFDACD
1193	#FFD9CB
1194	#FFD7CA
1195	#FFD6C8
1196	#FFD5C6
1197	#FFD3C4
1198	#FFD2C2
1199	#FFD0C0
1200	#FFCEBE
1201	#FFCDBB
1202	#FFCBB9
1203	#FFC9B7
1204	#FFC7B4
1205	#FFC5B2
1206	#FFC3AF
1207	#FFC1AC
1208	#FFBFA9
1209	#FFBCA7
1210	#FFBAA4
1211	#FFB8A1
1212	#FFB59D
1213	#FFB39A
1214	#FFB097
1215	#FFAD94
1216	#FFB9A2
1217	#FFBBA5
1218	#FFBDA8
1219	#FFC0AB
1220	#FFC2AE
1221	#FFC4B1
1222	#FFC6B3
1223	#FFC8B6
1224	#FFCAB8
1225	#FFCCBB
1226	#FFCEBD
1227	#FFD0C0
1228	#FFD2C2
1229	#FFD3C4
1230	#FFD5C6
1231	#FFD6C8
1232	#FFD8CA
1233	#FFD9CC
1234	#FFDBCE
1235	#FFDCCF
1236	#FFDDD1
1237	#FFDED2
1238	#FFDFD4
1239	#FFE0D5
1240	#FFE1D6
1241	#FFE2D8
1242	#FFE3D9
1243	#FFE4DA
1244	#FFE4DB
1245	#FFE5DC
1246	#FFE6DC
1247	#FFE6DD
1248	#FFE6DE
1249	#FFE7DE
1250	#FFE7DE
1251	#FFE7DF
1252	#FFE8DF
1253	#FFE8DF
1254	#FFE8DF
1255	#FFE8DF
1256	#FFE8DF
1257	#FFE7DF
1258	#FFE7DF
1259	#FFE7DE
1260	#FFE7DE
1261	#FFE6DD
1262	#FFE6DD
1263	#FFE5DC
1264	#FFE5DB
1265	#FFE4DA
1266	#FFE3D9
1267	#FFE3D8
1268	#FFE2D7
1269	#FFE1D6
1270	#FFE0D5
1271	#FFDFD3
1272	#FFDED2
1273	#FFDDD0
1274	#FFDBCF
1275	#FFDACD
1276	#FFD9CB
1277	#FFD7C9
1278	#FFD6C8
1279	#FFD4C5
1280	#FFD3C3
1281	#FFD1C1
1282	#FFCFBF
1283	#FFCEBD
1284	#FFCCBA
1285	#FFCAB8
1286	#FFC8B5
1287	#FFC6B2
1288	#FFC4B0
1289	#FFC1AD
1290	#FFBFAA
1291	#FFBDA7
1292	#FFBAA4
1293	#FFB8A1
1294	#FFB59E
1295	#FFB39A
1296	#FFB097
1297	#FFBCA6
1298	#FFBEA9
1299	#FFC0AC
1300	#FFC3AF
1301	#FFC5B2
1302	#FFC7B4
1303	#FFC9B7
1304	#FFCBBA
1305	#FFCDBC
1306	#FFCFBF
1307	#FFD1C1
1308	#FFD3C3
1309	#FFD5C6
1310	#FFD6C8
1311	#FFD8CA
1312	#FFD9CC
1313	#FFDBCE
1314	#FFDCD0
1315	#FFDDD1
1316	#FFDFD3
1317	#FFE0D5
1318	#FFE1D6
1319	#FFE2D8
1320	#FFE3D9
1321	#FFE4DA
1322	#FFE5DB
1323	#FFE6DC
1324	#FFE6DD
1325	#FFE7DE
1326	#FFE8DF
1327	#FFE8E0
1328	#FFE9E1
1329	#FFE9E1
1330	#FFEAE2
1331	#FFEAE2
1332	#FFEAE2
1333	#FFEAE3
1334	#FFEAE3
1335	#FFEAE3
1336	#FFEAE3
1337	#FFEAE3
1338	#FFEAE3
1339	#FFEAE2
1340	#FFEAE2
1341	#FFE9E1
1342	#FFE9E1
1343	#FFE8E0
1344	#FFE8E0
1345	#FFE7DF
1346	#FFE7DE
1347	#FFE6DD
1348	#FFE5DC
1349	#FFE4DB
1350	#FFE3DA
1351	#FFE3D8
1352	#FFE1D7
1353	#FFE0D5
1354	#FFDFD4
1355	#FFDED2
1356	#FFDDD1
1357	#FFDBCF
1358	#FFDACD
1359	#FFD8CB
1360	#FFD7C9
1361	#FFD5C7
1362	#FFD4C5
1363	#FFD2C2
1364	#FFD0C0
1365	#FFCEBD
1366	#FFCCBB
1367	#FFCAB8
1368	#FFC8B6
1369	#FFC6B3
1370	#FFC4B0
1371	#FFC2AD
1372	#FFBFAA
1373	#FFBDA7
1374	#FFBAA4
1375	#FFB8A1
1376	#FFB59D
1377	#FFB29A
1378	#FFBEA9
1379	#FFC1AC
1380	#FFC3AF
1381	#FFC6B2
1382	#FFC8B5
1383	#FFCAB8
1384	#FFCCBB
1385	#FFCEBD
1386	#FFD0C0
1387	#FFD2C2
1388	#FFD4C5
1389	#FFD6C7
1390	#FFD7C9
1391	#FFD9CB
1392	#FFDACE
1393	#FFDCD0
1394	#FFDDD1
1395	#FFDFD3
1396	#FFE0D5
1397	#FFE1D7
1398	#FFE3D8
1399	#FFE4DA
1400	#FFE5DB
1401	#FFE6DC
1402	#FFE7DE
1403	#FFE7DF
1404	#FFE8E0
1405	#FFE9E1
1406	#FFEAE2
1407	#FFEAE3
1408	#FFEBE3
1409	#FFEBE4
1410	#FFECE5
1411	#FFECE5
1412	#FFECE6
1413	#FFEDE6
1414	#FFEDE6
1415	#FFEDE6
1416	#FFEDE6
1417	#FFEDE6
1418	#FFEDE6
1419	#FFEDE6
1420	#FFECE6
1421	#FFECE5
1422	#FFECE5
1423	#FFEBE4
1424	#FFEBE4
1425	#FFEAE3
1426	#FFEAE2
1427	#FFE9E1
1428	#FFE8E0
1429	#FFE8DF
1430	#FFE7DE
1431	#FFE6DD
1432	#FFE5DC
1433	#FFE4DA
1434	#FFE3D9
1435	#FFE2D7
1436	#FFE0D5
1437	#FFDFD4
1438	#FFDED2
1439	#FFDCD0
1440	#FFDBCE
1441	#FFD9CC
1442	#FFD8CA
1443	#FFD6C8
1444	#FFD4C5
1445	#FFD2C3
1446	#FFD1C0
1447	#FFCFBE
1448	#FFCDBB
1449	#FFCBB9
1450	#FFC8B6
1451	#FFC6B3
1452	#FFC4B0
1453	#FFC2AD
1454	#FFBFAA
1455	#FFBDA7
1456	#FFBAA4
1457	#FFB7A0
1458	#FFB59D
1459	#FFC1AD
1460	#FFC4B0
1461	#FFC6B3
1462	#FFC8B6
1463	#FFCAB9
1464	#FFCDBB
1465	#FFCFBE
1466	#FFD1C1
1467	#FFD3C3
1468	#FFD5C6
1469	#FFD6C8
1470	#FFD8CA
1471	#FFDACD
1472	#FFDBCF
1473	#FFDDD1
1474	#FFDED3
1475	#FFE0D5
1476	#FFE1D7
1477	#FFE3D8
1478	#FFE4DA
1479	#FFE5DC
1480	#FFE6DD
1481	#FFE7DE
1482	#FFE8E0
1483	#FFE9E1
1484	#FFEAE2
1485	#FFEBE3
1486	#FFEBE4
1487	#FFECE5
1488	#FFEDE6
1489	#FFEDE7
1490	#FFEEE7
1491	#FFEEE8
1492	#FFEEE8
1493	#FFEFE9
1494	#FFEFE9
1495	#FFEFE9
1496	#FFEFE9
1497	#FFEFE9
1498	#FFEFE9
1499	#FFEFE9
1500	#FFEFE9
1501	#FFEFE9
1502	#FFEEE8
1503	#FFEEE8
1504	#FFEEE7
1505	#FFEDE7
1506	#FFEDE6
1507	#FFECE5
1508	#FFEBE4
1509	#FFEBE3
1510	#FFEAE2
1511	#FFE9E1
1512	#FFE8E0
1513	#FFE7DF
1514	#FFE6DD
1515	#FFE5DC
1516	#FFE4DA
1517	#FFE3D8
1518	#FFE1D7
1519	#FFE0D5
1520	#FFDFD3
1521	#FFDDD1
1522	#FFDBCF
1523	#FFDACD
1524	#FFD8CB
1525	#FFD6C8
1526	#FFD5C6
1527	#FFD3C3
1528	#FFD1C1
1529	#FFCFBE
1530	#FFCDBB
1531	#FFCBB9
1532	#FFC8B6
1533	#FFC6B3
1534	#FFC4B0
1535	#FFC1AD
1536	#FFBFAA
1537	#FFBCA6
1538	#FFBAA3
1539	#FFB7A0
1540	#FFC4B0
1541	#FFC6B3
1542	#FFC8B6
1543	#FFCBB9
1544	#FFCDBC
1545	#FFCFBF
1546	#FFD1C1
1547	#FFD3C4
1548	#FFD5C6
1549	#FFD7C9
1550	#FFD9CB
1551	#FFDACE
1552	#FFDCD0
1553	#FFDED2
1554	#FFDFD4
1555	#FFE1D6
1556	#FFE2D8
1557	#FFE4DA
1558	#FFE5DB
1559	#FFE6DD
1560	#FFE7DF
1561	#FFE8E0
1562	#FFE9E2
1563	#FFEAE3
1564	#FFEBE4
1565	#FFECE5
1566	#FFEDE6
1567	#FFEEE7
1568	#FFEEE8
1569	#FFEFE9
1570	#FFEFEA
1571	#FFF0EA
1572	#FFF0EB
1573	#FFF1EB
1574	#FFF1EC
1575	#FFF1EC
1576	#FFF1EC
1577	#FFF1EC
1578	#FFF1EC
1579	#FFF1EC
1580	#FFF1EC
1581	#FFF1EC
1582	#FFF1EC
1583	#FFF1EB
1584	#FFF0EB
1585	#FFF0EA
1586	#FFEFEA
1587	#FFEFE9
1588	#FFEEE8
1589	#FFEEE7
1590	#FFEDE6
1591	#FFECE5
1592	#FFEBE4
1593	#FFEAE3
1594	#FFE9E1
1595	#FFE8E0
1596	#FFE7DE
1597	#FFE6DD
1598	#FFE5DB
1599	#FFE3D9
1600	#FFE2D8
1601	#FFE1D6
1602	#FFDFD4
1603	#FFDED2
1604	#FFDCCF
1605	#FFDACD
1606	#FFD8CB
1607	#FFD7C8
1608	#FFD5C6
1609	#FFD3C3
1610	#FFD1C1
1611	#FFCFBE
1612	#FFCDBB
1613	#FFCAB8
1614	#FFC8B5
1615	#FFC6B2
1616	#FFC3AF
1617	#FFC1AC
1618	#FFBEA9
1619	#FFBCA6
1620	#FFB9A2
1621	#FFC6B3
1622	#FFC8B6
1623	#FFCBB9
1624	#FFCDBC
1625	#FFCFBF
1626	#FFD1C1
1627	#FFD3C4
1628	#FFD5C7
1629	#FFD7C9
1630	#FFD9CC
1631	#FFDBCE
1632	#FFDDD1
1633	#FFDED3
1634	#FFE0D5
1635	#FFE2D7
1636	#FFE3D9
1637	#FFE4DB
1638	#FFE6DD
1639	#FFE7DE
1640	#FFE8E0
1641	#FFE9E2
1642	#FFEBE3
1643	#FFECE4
1644	#FFEDE6
1645	#FFEDE7
1646	#FFEEE8
1647	#FFEFE9
1648	#FFF0EA
1649	#FFF0EB
1650	#FFF1EC
1651	#FFF2ED
1652	#FFF2ED
1653	#FFF2EE
1654	#FFF3EE
1655	#FFF3EF
1656	#FFF3EF
1657	#FFF3EF
1658	#FFF3EF
1659	#FFF3EF
1660	#FFF3EF
1661	#FFF3EF
1662	#FFF3EF
1663	#FFF3EE
1664	#FFF3EE
1665	#FFF2EE
1666	#FFF2ED
1667	#FFF1EC
1668	#FFF1EC
1669	#FFF0EB
1670	#FFF0EA
1671	#FFEFE9
1672	#FFEEE8
1673	#FFEDE7
1674	#FFECE5
1675	#FFEBE4
1676	#FFEAE3
1677	#FFE9E1
1678	#FFE8DF
1679	#FFE7DE
1680	#FFE5DC
1681	#FFE4DA
1682	#FFE2D8
1683	#FFE1D6
1684	#FFDFD4
1685	#FFDED2
1686	#FFDCD0
1687	#FFDACD
1688	#FFD8CB
1689	#FFD7C8
1690	#FFD5C6
1691	#FFD3C3
1692	#FFD1C0
1693	#FFCEBE
1694	#FFCCBB
1695	#FFCAB8
1696	#FFC7B5
1697	#FFC5B2
1698	#FFC3AE
1699	#FFC0AB
1700	#FFBDA8
1701	#FFBBA4
1702	#FFC8B6
1703	#FFCBB9
1704	#FFCDBC
1705	#FFCFBF
1706	#FFD1C1
1707	#FFD3C4
1708	#FFD5C7
1709	#FFD7CA
1710	#FFD9CC
1711	#FFDBCF
1712	#FFDDD1
1713	#FFDFD3
1714	#FFE0D5
1715	#FFE2D8
1716	#FFE4DA
1717	#FFE5DC
1718	#FFE6DE
1719	#FFE8DF
1720	#FFE9E1
1721	#FFEAE3
1722	#FFEBE4
1723	#FFEDE6
1724	#FFEEE7
1725	#FFEFE8
1726	#FFEFEA
1727	#FFF0EB
1728	#FFF1EC
1729	#FFF2ED
1730	#FFF2EE
1731	#FFF3EE
1732	#FFF3EF
1733	#FFF4F0
1734	#FFF4F0
1735	#FFF5F1
1736	#FFF5F1
1737	#FFF5F1
1738	#FFF5F2
1739	#FFF5F2
1740	#FFF5F2
1741	#FFF5F2
1742	#FFF5F2
1743	#FFF5F1
1744	#FFF5F1
1745	#FFF4F1
1746	#FFF4F0
1747	#FFF4EF
1748	#FFF3EF
1749	#FFF3EE
1750	#FFF2ED
1751	#FFF1EC
1752	#FFF1EB
1753	#FFF0EA
1754	#FFEFE9
1755	#FFEEE8
1756	#FFEDE6
1757	#FFECE5
1758	#FFEBE3
1759	#FFEAE2
1760	#FFE8E0
1761	#FFE7DE
1762	#FFE6DC
1763	#FFE4DA
1764	#FFE3D8
1765	#FFE1D6
1766	#FFDFD4
1767	#FFDED2
1768	#FFDCD0
1769	#FFDACD
1770	#FFD8CB
1771	#FFD6C8
1772	#FFD4C5
1773	#FFD2C3
1774	#FFD0C0
1775	#FFCEBD
1776	#FFCBBA
1777	#FFC9B7
1778	#FFC7B4
1779	#FFC4B0
1780	#FFC2AD
1781	#FFBFAA
1782	#FFBCA6
1783	#FFCAB8
1784	#FFCCBB
1785	#FFCFBE
1786	#FFD1C1
1787	#FFD3C4
1788	#FFD5C7
1789	#FFD7C9
1790	#FFD9CC
1791	#FFDBCF
1792	#FFDDD1
1793	#FFDFD3
1794	#FFE1D6
1795	#FFE2D8
1796	#FFE4DA
1797	#FFE5DC
1798	#FFE7DE
1799	#FFE8E0
1800	#FFEAE2
1801	#FFEBE4
1802	#FFECE5
1803	#FFEDE7
1804	#FFEEE8
1805	#FFEFEA
1806	#FFF0EB
1807	#FFF1EC
1808	#FFF2ED
1809	#FFF3EE
1810	#FFF4EF
1811	#FFF4F0
1812	#FFF5F1
1813	#FFF5F2
1814	#FFF6F2
1815	#FFF6F3
1816	#FFF6F3
1817	#FFF7F4
1818	#FFF7F4
1819	#FFF7F4
1820	#FFF7F4
1821	#FFF7F4
1822	#FFF7F4
1823	#FFF7F4
1824	#FFF7F4
1825	#FFF6F3
1826	#FFF6F3
1827	#FFF6F2
1828	#FFF5F2
1829	#FFF5F1
1830	#FFF4F0
1831	#FFF4EF
1832	#FFF3EE
1833	#FFF2ED
1834	#FFF1EC
1835	#FFF0EB
1836	#FFF0EA
1837	#FFEFE8
1838	#FFEDE7
1839	#FFECE5
1840	#FFEBE4
1841	#FFEAE2
1842	#FFE9E0
1843	#FFE7DE
1844	#FFE6DD
1845	#FFE4DB
1846	#FFE3D8
1847	#FFE1D6
1848	#FFDFD4
1849	#FFDDD2
1850	#FFDCCF
1851	#FFDACD
1852	#FFD8CA
1853	#FFD6C7
1854	#FFD4C5
1855	#FFD1C2
1856	#FFCFBF
1857	#FFCDBC
1858	#FFCBB9
1859	#FFC8B6
1860	#FFC6B2
1861	#FFC3AF
1862	#FFC0AC
1863	#FFBEA8
1864	#FFCCBA
1865	#FFCEBE
1866	#FFD1C1
1867	#FFD3C3
1868	#FFD5C6
1869	#FFD7C9
1870	#FFD9CC
1871	#FFDBCE
1872	#FFDDD1
1873	#FFDFD3
1874	#FFE1D6
1875	#FFE2D8
1876	#FFE4DA
1877	#FFE6DC
1878	#FFE7DE
1879	#FFE9E0
1880	#FFEAE2
1881	#FFEBE4
1882	#FFEDE6
1883	#FFEEE7
1884	#FFEFE9
1885	#FFF0EA
1886	#FFF1EC
1887	#FFF2ED
1888	#FFF3EE
1889	#FFF4EF
1890	#FFF4F0
1891	#FFF5F1
1892	#FFF6F2
1893	#FFF6F3
1894	#FFF7F4
1895	#FFF7F4
1896	#FFF8F5
1897	#FFF8F5
1898	#FFF8F6
1899	#FFF8F6
1900	#FFF9F6
1901	#FFF9F6
1902	#FFF9F6
1903	#FFF9F6
1904	#FFF8F6
1905	#FFF8F6
1906	#FFF8F5
1907	#FFF8F5
1908	#FFF7F4
1909	#FFF7F4
1910	#FFF6F3
1911	#FFF6F2
1912	#FFF5F1
1913	#FFF4F0
1914	#FFF4EF
1915	#FFF3EE
1916	#FFF2ED
1917	#FFF1EC
1918	#FFF0EA
1919	#FFEFE9
1920	#FFEEE7
1921	#FFEDE6
1922	#FFEBE4
1923	#FFEAE2
1924	#FFE9E0
1925	#FFE7DE
1926	#FFE6DC
1927	#FFE4DA
1928	#FFE2D8
1929	#FFE1D6
1930	#FFDFD3
1931	#FFDDD1
1932	#FFDBCE
1933	#FFD9CC
1934	#FFD7C9
1935	#FFD5C6
1936	#FFD3C3
1937	#FFD1C0
1938	#FFCEBD
1939	#FFCCBA
1940	#FFC9B7
1941	#FFC7B4
1942	#FFC4B1
1943	#FFC2AD
1944	#FFBFAA
1945	#FFCEBD
1946	#FFD0C0
1947	#FFD2C3
1948	#FFD4C6
1949	#FFD7C8
1950	#FFD9CB
1951	#FFDBCE
1952	#FFDDD1
1953	#FFDFD3
1954	#FFE0D5
1955	#FFE2D8
1956	#FFE4DA
1957	#FFE6DC
1958	#FFE7DE
1959	#FFE9E1
1960	#FFEAE2
1961	#FFEBE4
1962	#FFEDE6
1963	#FFEEE8
1964	#FFEFE9
1965	#FFF0EB
1966	#FFF1EC
1967	#FFF2EE
1968	#FFF3EF
1969	#FFF4F0
1970	#FFF5F1
1971	#FFF6F2
1972	#FFF7F3
1973	#FFF7F4
1974	#FFF8F5
1975	#FFF8F6
1976	#FFF9F6
1977	#FFF9F7
1978	#FFF9F7
1979	#FFFAF8
1980	#FFFAF8
1981	#FFFAF8
1982	#FFFAF8
1983	#FFFAF8
1984	#FFFAF8
1985	#FFFAF8
1986	#FFFAF7
1987	#FFF9F7
1988	#FFF9F7
1989	#FFF9F6
1990	#FFF8F6
1991	#FFF8F5
1992	#FFF7F4
1993	#FFF6F3
1994	#FFF6F2
1995	#FFF5F1
1996	#FFF4F0
1997	#FFF3EF
1998	#FFF2EE
1999	#FFF1EC
2000	#FFF0EB
2001	#FFEFE9
2002	#FFEEE7
2003	#FFEDE6
2004	#FFEBE4
2005	#FFEAE2
2006	#FFE8E0
2007	#FFE7DE
2008	#FFE5DC
2009	#FFE4DA
2010	#FFE2D7
2011	#FFE0D5
2012	#FFDED2
2013	#FFDCD0
2014	#FFDACD
2015	#FFD8CB
2016	#FFD6C8
2017	#FFD4C5
2018	#FFD2C2
2019	#FFCFBF
2020	#FFCDBC
2021	#FFCBB9
2022	#FFC8B5
2023	#FFC5B2
2024	#FFC3AF
2025	#FFC0AB
2026	#FFCFBF
2027	#FFD1C2
2028	#FFD4C5
2029	#FFD6C8
2030	#FFD8CA
2031	#FFDACD
2032	#FFDCD0
2033	#FFDED2
2034	#FFE0D5
2035	#FFE2D7
2036	#FFE4DA
2037	#FFE5DC
2038	#FFE7DE
2039	#FFE9E0
2040	#FFEAE2
2041	#FFEBE4
2042	#FFEDE6
2043	#FFEEE8
2044	#FFEFEA
2045	#FFF1EB
2046	#FFF2ED
2047	#FFF3EE
2048	#FFF4F0
2049	#FFF5F1
2050	#FFF6F2
2051	#FFF6F3
2052	#FFF7F4
2053	#FFF8F5
2054	#FFF8F6
2055	#FFF9F7
2056	#FFF9F7
2057	#FFFAF8
2058	#FFFAF9
2059	#FFFBF9
2060	#FFFBF9
2061	#FFFBF9
2062	#FFFBFA
2063	#FFFBFA
2064	#FFFBFA
2065	#FFFBFA
2066	#FFFBF9
2067	#FFFBF9
2068	#FFFAF9
2069	#FFFAF8
2070	#FFFAF8
2071	#FFF9F7
2072	#FFF9F6
2073	#FFF8F6
2074	#FFF8F5
2075	#FFF7F4
2076	#FFF6F3
2077	#FFF5F2
2078	#FFF4F0
2079	#FFF3EF
2080	#FFF2EE
2081	#FFF1EC
2082	#FFF0EB
2083	#FFEFE9
2084	#FFEEE7
2085	#FFECE5
2086	#FFEBE3
2087	#FFE9E1
2088	#FFE8DF
2089	#FFE6DD
2090	#FFE5DB
2091	#FFE3D9
2092	#FFE1D6
2093	#FFDFD4
2094	#FFDDD1
2095	#FFDBCF
2096	#FFD9CC
2097	#FFD7C9
2098	#FFD5C6
2099	#FFD3C3
2100	#FFD0C0
2101	#FFCEBD
2102	#FFCCBA
2103	#FFC9B7
2104	#FFC6B3
2105	#FFC4B0
2106	#FFC1AC
2107	#FFD0C0
2108	#FFD3C3
2109	#FFD5C6
2110	#FFD7C9
2111	#FFD9CC
2112	#FFDBCF
2113	#FFDDD1
2114	#FFDFD4
2115	#FFE1D7
2116	#FFE3D9
2117	#FFE5DB
2118	#FFE7DE
2119	#FFE8E0
2120	#FFEAE2
2121	#FFEBE4
2122	#FFEDE6
2123	#FFEEE8
2124	#FFEFEA
2125	#FFF1EB
2126	#FFF2ED
2127	#FFF3EE
2128	#FFF4F0
2129	#FFF5F1
2130	#FFF6F2
2131	#FFF7F4
2132	#FFF8F5
2133	#FFF8F6
2134	#FFF9F7
2135	#FFFAF7
2136	#FFFAF8
2137	#FFFBF9
2138	#FFFBF9
2139	#FFFBFA
2140	#FFFCFA
2141	#FFFCFB
2142	#FFFCFB
2143	#FFFCFB
2144	#FFFCFB
2145	#FFFCFB
2146	#FFFCFB
2147	#FFFCFB
2148	#FFFCFB
2149	#FFFBFA
2150	#FFFBFA
2151	#FFFBF9
2152	#FFFAF8
2153	#FFFAF8
2154	#FFF9F7
2155	#FFF9F6
2156	#FFF8F5
2157	#FFF7F4
2158	#FFF6F3
2159	#FFF5F2
2160	#FFF4F0
2161	#FFF3EF
2162	#FFF2ED
2163	#FFF1EC
2164	#FFF0EA
2165	#FFEEE8
2166	#FFEDE7
2167	#FFECE5
2168	#FFEAE3
2169	#FFE9E1
2170	#FFE7DE
2171	#FFE5DC
2172	#FFE4DA
2173	#FFE2D7
2174	#FFE0D5
2175	#FFDED2
2176	#FFDCD0
2177	#FFDACD
2178	#FFD8CA
2179	#FFD6C7
2180	#FFD3C4
2181	#FFD1C1
2182	#FFCFBE
2183	#FFCCBB
2184	#FFCAB8
2185	#FFC7B4
2186	#FFC5B1
2187	#FFC2AD
2188	#FFD1C2
2189	#FFD4C5
2190	#FFD6C8
2191	#FFD8CB
2192	#FFDACD
2193	#FFDDD0
2194	#FFDFD3
2195	#FFE0D6
2196	#FFE2D8
2197	#FFE4DA
2198	#FFE6DD
2199	#FFE8DF
2200	#FFE9E1
2201	#FFEBE3
2202	#FFECE5
2203	#FFEEE7
2204	#FFEFE9
2205	#FFF0EB
2206	#FFF2ED
2207	#FFF3EE
2208	#FFF4F0
2209	#FFF5F1
2210	#FFF6F3
2211	#FFF7F4
2212	#FFF8F5
2213	#FFF8F6
2214	#FFF9F7
2215	#FFFAF8
2216	#FFFAF9
2217	#FFFBFA
2218	#FFFCFA
2219	#FFFCFB
2220	#FFFCFB
2221	#FFFDFC
2222	#FFFDFC
2223	#FFFDFC
2224	#FFFDFC
2225	#FFFDFC
2226	#FFFDFC
2227	#FFFDFC
2228	#FFFDFC
2229	#FFFDFC
2230	#FFFCFB
2231	#FFFCFB
2232	#FFFCFA
2233	#FFFBFA
2234	#FFFBF9
2235	#FFFAF8
2236	#FFF9F7
2237	#FFF9F6
2238	#FFF8F5
2239	#FFF7F4
2240	#FFF6F3
2241	#FFF5F1
2242	#FFF4F0
2243	#FFF3EE
2244	#FFF2ED
2245	#FFF1EB
2246	#FFEFE9
2247	#FFEEE8
2248	#FFECE6
2249	#FFEBE4
2250	#FFE9E2
2251	#FFE8DF
2252	#FFE6DD
2253	#FFE4DB
2254	#FFE3D8
2255	#FFE1D6
2256	#FFDFD3
2257	#FFDDD1
2258	#FFDBCE
2259	#FFD9CB
2260	#FFD6C8
2261	#FFD4C5
2262	#FFD2C2
2263	#FFCFBF
2264	#FFCDBC
2265	#FFCAB9
2266	#FFC8B5
2267	#FFC5B2
2268	#FFC2AE
2269	#FFD2C3
2270	#FFD5C6
2271	#FFD7C9
2272	#FFD9CC
2273	#FFDBCF
2274	#FFDDD1
2275	#FFDFD4
2276	#FFE1D7
2277	#FFE3D9
2278	#FFE5DC
2279	#FFE7DE
2280	#FFE8E0
2281	#FFEAE2
2282	#FFECE5
2283	#FFEDE7
2284	#FFEFE8
2285	#FFF0EA
2286	#FFF1EC
2287	#FFF2EE
2288	#FFF4EF
2289	#FFF5F1
2290	#FFF6F2
2291	#FFF7F4
2292	#FFF8F5
2293	#FFF8F6
2294	#FFF9F7
2295	#FFFAF8
2296	#FFFBF9
2297	#FFFBFA
2298	#FFFCFB
2299	#FFFCFB
2300	#FFFDFC
2301	#FFFDFC
2302	#FFFDFD
2303	#FFFEFD
2304	#FFFEFD
2305	#FFFEFD
2306	#FFFEFD
2307	#FFFEFD
2308	#FFFEFD
2309	#FFFEFD
2310	#FFFDFD
2311	#FFFDFC
2312	#FFFDFC
2313	#FFFCFB
2314	#FFFCFB
2315	#FFFBFA
2316	#FFFBF9
2317	#FFFAF8
2318	#FFF9F7
2319	#FFF8F6
2320	#FFF8F5
2321	#FFF7F4
2322	#FFF6F2
2323	#FFF5F1
2324	#FFF4EF
2325	#FFF2EE
2326	#FFF1EC
2327	#FFF0EA
2328	#FFEEE8
2329	#FFEDE6
2330	#FFECE4
2331	#FFEAE2
2332	#FFE8E0
2333	#FFE7DE
2334	#FFE5DB
2335	#FFE3D9
2336	#FFE1D7
2337	#FFDFD4
2338	#FFDDD1
2339	#FFDBCF
2340	#FFD9CC
2341	#FFD7C9
2342	#FFD5C6
2343	#FFD2C3
2344	#FFD0C0
2345	#FFCDBC
2346	#FFCBB9
2347	#FFC8B6
2348	#FFC6B2
2349	#FFC3AF
2350	#FFD3C4
2351	#FFD6C7
2352	#FFD8CA
2353	#FFDACD
2354	#FFDCD0
2355	#FFDED3
2356	#FFE0D5
2357	#FFE2D8
2358	#FFE4DA
2359	#FFE6DD
2360	#FFE8DF
2361	#FFE9E1
2362	#FFEBE3
2363	#FFECE5
2364	#FFEEE7
2365	#FFEFE9
2366	#FFF1EB
2367	#FFF2ED
2368	#FFF3EF
2369	#FFF4F0
2370	#FFF5F2
2371	#FFF6F3
2372	#FFF7F5
2373	#FFF8F6
2374	#FFF9F7
2375	#FFFAF8
2376	#FFFBF9
2377	#FFFBFA
2378	#FFFCFB
2379	#FFFCFB
2380	#FFFDFC
2381	#FFFDFD
2382	#FFFEFD
2383	#FFFEFD
2384	#FFFEFE
2385	#FFFEFE
2386	#FFFEFE
2387	#FFFEFE
2388	#FFFEFE
2389	#FFFEFE
2390	#FFFEFE
2391	#FFFEFD
2392	#FFFEFD
2393	#FFFDFC
2394	#FFFDFC
2395	#FFFCFB
2396	#FFFCFA
2397	#FFFBFA
2398	#FFFAF9
2399	#FFFAF8
2400	#FFF9F7
2401	#FFF8F5
2402	#FFF7F4
2403	#FFF6F3
2404	#FFF5F1
2405	#FFF4F0
2406	#FFF3EE
2407	#FFF2ED
2408	#FFF0EB
2409	#FFEFE9
2410	#FFEDE7
2411	#FFECE5
2412	#FFEAE3
2413	#FFE9E1
2414	#FFE7DE
2415	#FFE5DC
2416	#FFE3DA
2417	#FFE2D7
2418	#FFE0D4
2419	#FFDED2
2420	#FFDCCF
2421	#FFD9CC
2422	#FFD7C9
2423	#FFD5C6
2424	#FFD3C3
2425	#FFD0C0
2426	#FFCEBD
2427	#FFCBB9
2428	#FFC9B6
2429	#FFC6B3
2430	#FFC3AF
2431	#FFD4C5
2432	#FFD6C8
2433	#FFD8CB
2434	#FFDBCE
2435	#FFDDD1
2436	#FFDFD3
2437	#FFE1D6
2438	#FFE3D9
2439	#FFE5DB
2440	#FFE6DD
2441	#FFE8E0
2442	#FFEAE2
2443	#FFEBE4
2444	#FFEDE6
2445	#FFEEE8
2446	#FFF0EA
2447	#FFF1EC
2448	#FFF2EE
2449	#FFF4EF
2450	#FFF5F1
2451	#FFF6F2
2452	#FFF7F4
2453	#FFF8F5
2454	#FFF9F6
2455	#FFFAF8
2456	#FFFAF9
2457	#FFFBFA
2458	#FFFCFA
2459	#FFFCFB
2460	#FFFDFC
2461	#FFFDFD
2462	#FFFEFD
2463	#FFFEFE
2464	#FFFEFE
2465	#FFFEFE
2466	#FFFFFE
2467	#FFFFFF
2468	#FFFFFF
2469	#FFFFFF
2470	#FFFFFE
2471	#FFFEFE
2472	#FFFEFE
2473	#FFFEFD
2474	#FFFDFD
2475	#FFFDFC
2476	#FFFDFC
2477	#FFFCFB
2478	#FFFBFA
2479	#FFFBF9
2480	#FFFAF8
2481	#FFF9F7
2482	#FFF8F6
2483	#FFF7F5
2484	#FFF6F3
2485	#FFF5F2
2486	#FFF4F0
2487	#FFF3EF
2488	#FFF2ED
2489	#FFF0EB
2490	#FFEFE9
2491	#FFEEE7
2492	#FFECE5
2493	#FFEBE3
2494	#FFE9E1
2495	#FFE7DF
2496	#FFE5DC
2497	#FFE4DA
2498	#FFE2D7
2499	#FFE0D5
2500	#FFDED2
2501	#FFDCCF
2502	#FFDACC
2503	#FFD7C9
2504	#FFD5C6
2505	#FFD3C3
2506	#FFD0C0
2507	#FFCEBD
2508	#FFCBBA
2509	#FFC9B6
2510	#FFC6B3
2511	#FFC3AF
2512	#FFD4C5
2513	#FFD7C9
2514	#FFD9CB
2515	#FFDBCE
2516	#FFDDD1
2517	#FFDFD4
2518	#FFE1D7
2519	#FFE3D9
2520	#FFE5DC
2521	#FFE7DE
2522	#FFE9E0
2523	#FFEAE3
2524	#FFECE5
2525	#FFEDE7
2526	#FFEFE9
2527	#FFF0EB
2528	#FFF1EC
2529	#FFF3EE
2530	#FFF4F0
2531	#FFF5F1
2532	#FFF6F3
2533	#FFF7F4
2534	#FFF8F6
2535	#FFF9F7
2536	#FFFAF8
2537	#FFFBF9
2538	#FFFBFA
2539	#FFFCFB
2540	#FFFDFC
2541	#FFFDFC
2542	#FFFEFD
2543	#FFFEFE
2544	#FFFEFE
2545	#FFFFFE
2546	#FFFFFF
2547	#FFFFFF
2548	#FFFFFF
2549	#FFFFFF
2550	#FFFFFF
2551	#FFFFFF
2552	#FFFFFE
2553	#FFFEFE
2554	#FFFEFE
2555	#FFFEFD
2556	#FFFDFD
2557	#FFFDFC
2558	#FFFCFB
2559	#FFFCFA
2560	#FFFBF9
2561	#FFFAF8
2562	#FFF9F7
2563	#FFF8F6
2564	#FFF8F5
2565	#FFF6F3
2566	#FFF5F2
2567	#FFF4F0
2568	#FFF3EF
2569	#FFF2ED
2570	#FFF1EB
2571	#FFEFE9
2572	#FFEEE7
2573	#FFECE5
2574	#FFEBE3
2575	#FFE9E1
2576	#FFE7DF
2577	#FFE6DC
2578	#FFE4DA
2579	#FFE2D7
2580	#FFE0D5
2581	#FFDED2
2582	#FFDCCF
2583	#FFDACC
2584	#FFD7C9
2585	#FFD5C6
2586	#FFD3C3
2587	#FFD0C0
2588	#FFCEBD
2589	#FFCBBA
2590	#FFC9B6
2591	#FFC6B3
2592	#FFC3AF
2593	#FFD5C6
2594	#FFD7C9
2595	#FFD9CC
2596	#FFDBCF
2597	#FFDDD2
2598	#FFE0D4
2599	#FFE1D7
2600	#FFE3D9
2601	#FFE5DC
2602	#FFE7DE
2603	#FFE9E1
2604	#FFEAE3
2605	#FFECE5
2606	#FFEDE7
2607	#FFEFE9
2608	#FFF0EB
2609	#FFF2ED
2610	#FFF3EE
2611	#FFF4F0
2612	#FFF5F2
2613	#FFF6F3
2614	#FFF7F5
2615	#FFF8F6
2616	#FFF9F7
2617	#FFFAF8
2618	#FFFBF9
2619	#FFFCFA
2620	#FFFCFB
2621	#FFFDFC
2622	#FFFDFD
2623	#FFFEFD
2624	#FFFEFE
2625	#FFFEFE
2626	#FFFFFE
2627	#FFFFFF
2628	#FFFFFF
2629	#FFFFFF
2630	#FFFFFF
2631	#FFFFFF
2632	#FFFFFF
2633	#FFFFFE
2634	#FFFEFE
2635	#FFFEFE
2636	#FFFEFD
2637	#FFFDFD
2638	#FFFDFC
2639	#FFFCFB
2640	#FFFCFA
2641	#FFFBF9
2642	#FFFAF8
2643	#FFF9F7
2644	#FFF8F6
2645	#FFF7F5
2646	#FFF6F3
2647	#FFF5F2
2648	#FFF4F0
2649	#FFF3EF
2650	#FFF2ED
2651	#FFF0EB
2652	#FFEFE9
2653	#FFEEE7
2654	#FFECE5
2655	#FFEBE3
2656	#FFE9E1
2657	#FFE7DE
2658	#FFE5DC
2659	#FFE4DA
2660	#FFE2D7
2661	#FFE0D4
2662	#FFDED2
2663	#FFDCCF
2664	#FFD9CC
2665	#FFD7C9
2666	#FFD5C6
2667	#FFD2C3
2668	#FFD0C0
2669	#FFCEBD
2670	#FFCBB9
2671	#FFC8B6
2672	#FFC6B2
2673	#FFC3AF
2674	#FFD5C6
2675	#FFD7C9
2676	#FFD9CC
2677	#FFDCCF
2678	#FFDED2
2679	#FFE0D4
2680	#FFE2D7
2681	#FFE3DA
2682	#FFE5DC
2683	#FFE7DE
2684	#FFE9E1
2685	#FFEAE3
2686	#FFECE5
2687	#FFEEE7
2688	#FFEFE9
2689	#FFF0EB
2690	#FFF2ED
2691	#FFF3EE
2692	#FFF4F0
2693	#FFF5F2
2694	#FFF6F3
2695	#FFF7F5
2696	#FFF8F6
2697	#FFF9F7
2698	#FFFAF8
2699	#FFFBF9
2700	#FFFBFA
2701	#FFFCFB
2702	#FFFDFC
2703	#FFFDFC
2704	#FFFEFD
2705	#FFFEFE
2706	#FFFEFE
2707	#FFFFFE
2708	#FFFFFF
2709	#FFFFFF
2710	#FFFFFF
2711	#FFFFFF
2712	#FFFFFF
2713	#FFFFFF
2714	#FFFEFE
2715	#FFFEFE
2716	#FFFEFE
2717	#FFFEFD
2718	#FFFDFC
2719	#FFFDFC
2720	#FFFCFB
2721	#FFFBFA
2722	#FFFBF9
2723	#FFFAF8
2724	#FFF9F7
2725	#FFF8F6
2726	#FFF7F4
2727	#FFF6F3
2728	#FFF5F1
2729	#FFF4F0
2730	#FFF3EE
2731	#FFF2ED
2732	#FFF0EB
2733	#FFEFE9
2734	#FFEDE7
2735	#FFECE5
2736	#FFEAE3
2737	#FFE9E0
2738	#FFE7DE
2739	#FFE5DC
2740	#FFE3D9
2741	#FFE1D7
2742	#FFDFD4
2743	#FFDDD1
2744	#FFDBCF
2745	#FFD9CC
2746	#FFD7C9
2747	#FFD5C6
2748	#FFD2C3
2749	#FFD0BF
2750	#FFCDBC
2751	#FFCBB9
2752	#FFC8B5
2753	#FFC5B2
2754	#FFC3AE
2755	#FFD5C6
2756	#FFD7C9
2757	#FFD9CC
2758	#FFDBCF
2759	#FFDED2
2760	#FFE0D4
2761	#FFE2D7
2762	#FFE3D9
2763	#FFE5DC
2764	#FFE7DE
2765	#FFE9E1
2766	#FFEAE3
2767	#FFECE5
2768	#FFEDE7
2769	#FFEFE9
2770	#FFF0EB
2771	#FFF2ED
2772	#FFF3EE
2773	#FFF4F0
2774	#FFF5F1
2775	#FFF6F3
2776	#FFF7F4
2777	#FFF8F6
2778	#FFF9F7
2779	#FFFAF8
2780	#FFFBF9
2781	#FFFBFA
2782	#FFFCFB
2783	#FFFCFB
2784	#FFFDFC
2785	#FFFDFD
2786	#FFFEFD
2787	#FFFEFE
2788	#FFFEFE
2789	#FFFEFE
2790	#FFFFFE
2791	#FFFFFE
2792	#FFFFFE
2793	#FFFFFE
2794	#FFFEFE
2795	#FFFEFE
2796	#FFFEFE
2797	#FFFEFD
2798	#FFFDFD
2799	#FFFDFC
2800	#FFFCFB
2801	#FFFCFA
2802	#FFFBFA
2803	#FFFAF9
2804	#FFFAF8
2805	#FFF9F6
2806	#FFF8F5
2807	#FFF7F4
2808	#FFF6F2
2809	#FFF5F1
2810	#FFF4EF
2811	#FFF2EE
2812	#FFF1EC
2813	#FFF0EA
2814	#FFEEE8
2815	#FFEDE6
2816	#FFEBE4
2817	#FFEAE2
2818	#FFE8E0
2819	#FFE6DD
2820	#FFE5DB
2821	#FFE3D9
2822	#FFE1D6
2823	#FFDFD3
2824	#FFDDD1
2825	#FFDBCE
2826	#FFD9CB
2827	#FFD6C8
2828	#FFD4C5
2829	#FFD2C2
2830	#FFCFBF
2831	#FFCDBB
2832	#FFCAB8
2833	#FFC7B5
2834	#FFC5B1
2835	#FFC2AE
2836	#FFD5C6
2837	#FFD7C9
2838	#FFD9CC
2839	#FFDBCF
2840	#FFDDD1
2841	#FFDFD4
2842	#FFE1D7
2843	#FFE3D9
2844	#FFE5DC
2845	#FFE7DE
2846	#FFE8E0
2847	#FFEAE2
2848	#FFECE5
2849	#FFEDE7
2850	#FFEFE9
2851	#FFF0EA
2852	#FFF1EC
2853	#FFF3EE
2854	#FFF4EF
2855	#FFF5F1
2856	#FFF6F2
2857	#FFF7F4
2858	#FFF8F5
2859	#FFF9F6
2860	#FFF9F7
2861	#FFFAF8
2862	#FFFBF9
2863	#FFFCFA
2864	#FFFCFB
2865	#FFFDFC
2866	#FFFDFC
2867	#FFFDFD
2868	#FFFEFD
2869	#FFFEFD
2870	#FFFEFE
2871	#FFFEFE
2872	#FFFEFE
2873	#FFFEFE
2874	#FFFEFE
2875	#FFFEFE
2876	#FFFEFD
2877	#FFFDFD
2878	#FFFDFC
2879	#FFFDFC
2880	#FFFCFB
2881	#FFFCFB
2882	#FFFBFA
2883	#FFFBF9
2884	#FFFAF8
2885	#FFF9F7
2886	#FFF8F6
2887	#FFF7F4
2888	#FFF6F3
2889	#FFF5F2
2890	#FFF4F0
2891	#FFF3EF
2892	#FFF2ED
2893	#FFF1EB
2894	#FFEFE9
2895	#FFEEE7
2896	#FFECE5
2897	#FFEBE3
2898	#FFE9E1
2899	#FFE8DF
2900	#FFE6DD
2901	#FFE4DA
2902	#FFE2D8
2903	#FFE0D5
2904	#FFDED3
2905	#FFDCD0
2906	#FFDACD
2907	#FFD8CA
2908	#FFD6C7
2909	#FFD3C4
2910	#FFD1C1
2911	#FFCEBE
2912	#FFCCBA
2913	#FFC9B7
2914	#FFC7B4
2915	#FFC4B0
2916	#FFC1AD
2917	#FFD4C5
2918	#FFD7C8
2919	#FFD9CB
2920	#FFDBCE
2921	#FFDDD1
2922	#FFDFD3
2923	#FFE1D6
2924	#FFE3D9
2925	#FFE5DB
2926	#FFE6DD
2927	#FFE8E0
2928	#FFEAE2
2929	#FFEBE4
2930	#FFEDE6
2931	#FFEEE8
2932	#FFF0EA
2933	#FFF1EC
2934	#FFF2ED
2935	#FFF3EF
2936	#FFF4F0
2937	#FFF5F2
2938	#FFF6F3
2939	#FFF7F4
2940	#FFF8F6
2941	#FFF9F7
2942	#FFFAF8
2943	#FFFAF9
2944	#FFFBF9
2945	#FFFCFA
2946	#FFFCFB
2947	#FFFCFB
2948	#FFFDFC
2949	#FFFDFC
2950	#FFFDFD
2951	#FFFDFD
2952	#FFFEFD
2953	#FFFEFD
2954	#FFFEFD
2955	#FFFDFD
2956	#FFFDFD
2957	#FFFDFC
2958	#FFFDFC
2959	#FFFDFC
2960	#FFFCFB
2961	#FFFCFA
2962	#FFFBFA
2963	#FFFBF9
2964	#FFFAF8
2965	#FFF9F7
2966	#FFF8F6
2967	#FFF8F5
2968	#FFF7F3
2969	#FFF6F2
2970	#FFF5F1
2971	#FFF3EF
2972	#FFF2EE
2973	#FFF1EC
2974	#FFF0EA
2975	#FFEEE8
2976	#FFEDE6
2977	#FFECE4
2978	#FFEAE2
2979	#FFE8E0
2980	#FFE7DE
2981	#FFE5DC
2982	#FFE3D9
2983	#FFE1D7
2984	#FFDFD4
2985	#FFDDD1
2986	#FFDBCF
2987	#FFD9CC
2988	#FFD7C9
2989	#FFD5C6
2990	#FFD2C3
2991	#FFD0C0
2992	#FFCEBD
2993	#FFCBB9
2994	#FFC8B6
2995	#FFC6B3
2996	#FFC3AF
2997	#FFC0AB
2998	#FFD4C5
2999	#FFD6C8
3000	#FFD8CB
3001	#FFDACD
3002	#FFDCD0
3003	#FFDED3
3004	#FFE0D5
3005	#FFE2D8
3006	#FFE4DA
3007	#FFE6DD
3008	#FFE7DF
3009	#FFE9E1
3010	#FFEBE3
3011	#FFECE5
3012	#FFEEE7
3013	#FFEFE9
3014	#FFF0EB
3015	#FFF1EC
3016	#FFF3EE
3017	#FFF4EF
3018	#FFF5F1
3019	#FFF6F2
3020	#FFF7F4
3021	#FFF7F5
3022	#FFF8F6
3023	#FFF9F7
3024	#FFFAF8
3025	#FFFAF8
3026	#FFFBF9
3027	#FFFBFA
3028	#FFFCFA
3029	#FFFCFB
3030	#FFFCFB
3031	#FFFDFC
3032	#FFFDFC
3033	#FFFDFC
3034	#FFFDFC
3035	#FFFDFC
3036	#FFFDFC
3037	#FFFDFC
3038	#FFFCFB
3039	#FFFCFB
3040	#FFFCFA
3041	#FFFBFA
3042	#FFFBF9
3043	#FFFAF9
3044	#FFFAF8
3045	#FFF9F7
3046	#FFF8F6
3047	#FFF8F5
3048	#FFF7F4
3049	#FFF6F2
3050	#FFF5F1
3051	#FFF4F0
3052	#FFF3EE
3053	#FFF1EC
3054	#FFF0EB
3055	#FFEFE9
3056	#FFEEE7
3057	#FFECE5
3058	#FFEBE3
3059	#FFE9E1
3060	#FFE7DF
3061	#FFE6DD
3062	#FFE4DA
3063	#FFE2D8
3064	#FFE0D5
3065	#FFDED3
3066	#FFDCD0
3067	#FFDACD
3068	#FFD8CB
3069	#FFD6C8
3070	#FFD4C5
3071	#FFD1C2
3072	#FFCFBE
3073	#FFCDBB
3074	#FFCAB8
3075	#FFC7B5
3076	#FFC5B1
3077	#FFC2AE
3078	#FFBFAA
3079	#FFD3C4
3080	#FFD5C7
3081	#FFD7CA
3082	#FFDACC
3083	#FFDCCF
3084	#FFDED2
3085	#FFE0D4
3086	#FFE1D7
3087	#FFE3D9
3088	#FFE5DC
3089	#FFE7DE
3090	#FFE8E0
3091	#FFEAE2
3092	#FFEBE4
3093	#FFEDE6
3094	#FFEEE8
3095	#FFEFEA
3096	#FFF1EB
3097	#FFF2ED
3098	#FFF3EE
3099	#FFF4F0
3100	#FFF5F1
3101	#FFF6F2
3102	#FFF7F4
3103	#FFF7F5
3104	#FFF8F6
3105	#FFF9F6
3106	#FFF9F7
3107	#FFFAF8
3108	#FFFAF9
3109	#FFFBF9
3110	#FFFBFA
3111	#FFFBFA
3112	#FFFCFA
3113	#FFFCFB
3114	#FFFCFB
3115	#FFFCFB
3116	#FFFCFB
3117	#FFFCFB
3118	#FFFCFA
3119	#FFFBFA
3120	#FFFBFA
3121	#FFFBF9
3122	#FFFAF9
3123	#FFFAF8
3124	#FFF9F7
3125	#FFF9F6
3126	#FFF8F5
3127	#FFF7F4
3128	#FFF6F3
3129	#FFF6F2
3130	#FFF5F1
3131	#FFF4F0
3132	#FFF3EE
3133	#FFF2ED
3134	#FFF0EB
3135	#FFEFE9
3136	#FFEEE8
3137	#FFECE6
3138	#FFEBE4
3139	#FFEAE2
3140	#FFE8E0
3141	#FFE6DD
3142	#FFE5DB
3143	#FFE3D9
3144	#FFE1D6
3145	#FFDFD4
3146	#FFDDD1
3147	#FFDBCF
3148	#FFD9CC
3149	#FFD7C9
3150	#FFD5C6
3151	#FFD3C3
3152	#FFD0C0
3153	#FFCEBD
3154	#FFCBBA
3155	#FFC9B6
3156	#FFC6B3
3157	#FFC4B0
3158	#FFC1AC
3159	#FFBEA9
3160	#FFD2C3
3161	#FFD4C6
3162	#FFD7C8
3163	#FFD9CB
3164	#FFDBCE
3165	#FFDDD1
3166	#FFDFD3
3167	#FFE1D6
3168	#FFE2D8
3169	#FFE4DA
3170	#FFE6DD
3171	#FFE7DF
3172	#FFE9E1
3173	#FFEAE3
3174	#FFECE5
3175	#FFEDE7
3176	#FFEEE8
3177	#FFF0EA
3178	#FFF1EC
3179	#FFF2ED
3180	#FFF3EE
3181	#FFF4F0
3182	#FFF5F1
3183	#FFF6F2
3184	#FFF6F3
3185	#FFF7F4
3186	#FFF8F5
3187	#FFF8F6
3188	#FFF9F7
3189	#FFF9F7
3190	#FFFAF8
3191	#FFFAF8
3192	#FFFAF9
3193	#FFFBF9
3194	#FFFBF9
3195	#FFFBF9
3196	#FFFBF9
3197	#FFFBF9
3198	#FFFBF9
3199	#FFFBF9
3200	#FFFAF8
3201	#FFFAF8
3202	#FFFAF8
3203	#FFF9F7
3204	#FFF9F6
3205	#FFF8F6
3206	#FFF8F5
3207	#FFF7F4
3208	#FFF6F3
3209	#FFF5F2
3210	#FFF4F1
3211	#FFF4EF
3212	#FFF3EE
3213	#FFF1EC
3214	#FFF0EB
3215	#FFEFE9
3216	#FFEEE8
3217	#FFEDE6
3218	#FFEBE4
3219	#FFEAE2
3220	#FFE8E0
3221	#FFE7DE
3222	#FFE5DC
3223	#FFE3D9
3224	#FFE2D7
3225	#FFE0D5
3226	#FFDED2
3227	#FFDCD0
3228	#FFDACD
3229	#FFD8CA
3230	#FFD6C7
3231	#FFD4C4
3232	#FFD1C1
3233	#FFCFBE
3234	#FFCCBB
3235	#FFCAB8
3236	#FFC7B5
3237	#FFC5B1
3238	#FFC2AE
3239	#FFBFAA
3240	#FFBDA7
3241	#FFD1C1
3242	#FFD3C4
3243	#FFD6C7
3244	#FFD8CA
3245	#FFDACD
3246	#FFDCCF
3247	#FFDED2
3248	#FFE0D4
3249	#FFE1D7
3250	#FFE3D9
3251	#FFE5DB
3252	#FFE6DD
3253	#FFE8DF
3254	#FFE9E1
3255	#FFEBE3
3256	#FFECE5
3257	#FFEDE7
3258	#FFEFE8
3259	#FFF0EA
3260	#FFF1EB
3261	#FFF2ED
3262	#FFF3EE
3263	#FFF4EF
3264	#FFF4F1
3265	#FFF5F2
3266	#FFF6F3
3267	#FFF7F3
3268	#FFF7F4
3269	#FFF8F5
3270	#FFF8F6
3271	#FFF9F6
3272	#FFF9F7
3273	#FFF9F7
3274	#FFF9F7
3275	#FFF9F7
3276	#FFFAF8
3277	#FFFAF8
3278	#FFFAF7
3279	#FFF9F7
3280	#FFF9F7
3281	#FFF9F7
3282	#FFF9F6
3283	#FFF8F6
3284	#FFF8F5
3285	#FFF7F5
3286	#FFF7F4
3287	#FFF6F3
3288	#FFF6F2
3289	#FFF5F1
3290	#FFF4F0
3291	#FFF3EF
3292	#FFF2ED
3293	#FFF1EC
3294	#FFF0EB
3295	#FFEFE9
3296	#FFEEE7
3297	#FFEDE6
3298	#FFEBE4
3299	#FFEAE2
3300	#FFE8E0
3301	#FFE7DE
3302	#FFE5DC
3303	#FFE4DA
3304	#FFE2D8
3305	#FFE0D5
3306	#FFDED3
3307	#FFDCD0
3308	#FFDBCE
3309	#FFD8CB
3310	#FFD6C8
3311	#FFD4C5
3312	#FFD2C2
3313	#FFD0BF
3314	#FFCDBC
3315	#FFCBB9
3316	#FFC8B6
3317	#FFC6B3
3318	#FFC3AF
3319	#FFC1AC
3320	#FFBEA8
3321	#FFBBA5
3322	#FFD0C0
3323	#FFD2C3
3324	#FFD4C5
3325	#FFD6C8
3326	#FFD9CB
3327	#FFDBCE
3328	#FFDCD0
3329	#FFDED3
3330	#FFE0D5
3331	#FFE2D7
3332	#FFE3D9
3333	#FFE5DC
3334	#FFE7DE
3335	#FFE8E0
3336	#FFE9E2
3337	#FFEBE3
3338	#FFECE5
3339	#FFEDE7
3340	#FFEEE8
3341	#FFEFEA
3342	#FFF0EB
3343	#FFF1EC
3344	#FFF2EE
3345	#FFF3EF
3346	#FFF4F0
3347	#FFF5F1
3348	#FFF5F2
3349	#FFF6F2
3350	#FFF6F3
3351	#FFF7F4
3352	#FFF7F4
3353	#FFF7F5
3354	#FFF8F5
3355	#FFF8F5
3356	#FFF8F5
3357	#FFF8F6
3358	#FFF8F6
3359	#FFF8F5
3360	#FFF8F5
3361	#FFF8F5
3362	#FFF8F5
3363	#FFF7F4
3364	#FFF7F4
3365	#FFF6F3
3366	#FFF6F3
3367	#FFF5F2
3368	#FFF5F1
3369	#FFF4F0
3370	#FFF3EF
3371	#FFF2EE
3372	#FFF2ED
3373	#FFF1EB
3374	#FFF0EA
3375	#FFEFE8
3376	#FFEDE7
3377	#FFECE5
3378	#FFEBE4
3379	#FFEAE2
3380	#FFE8E0
3381	#FFE7DE
3382	#FFE5DC
3383	#FFE4DA
3384	#FFE2D8
3385	#FFE0D5
3386	#FFDFD3
3387	#FFDDD1
3388	#FFDBCE
3389	#FFD9CB
3390	#FFD7C9
3391	#FFD5C6
3392	#FFD3C3
3393	#FFD0C0
3394	#FFCEBD
3395	#FFCCBA
3396	#FFC9B7
3397	#FFC7B4
3398	#FFC4B0
3399	#FFC2AD
3400	#FFBFAA
3401	#FFBCA6
3402	#FFB9A3
3403	#FFCFBE
3404	#FFD1C1
3405	#FFD3C4
3406	#FFD5C6
3407	#FFD7C9
3408	#FFD9CC
3409	#FFDBCE
3410	#FFDDD1
3411	#FFDFD3
3412	#FFE0D5
3413	#FFE2D8
3414	#FFE4DA
3415	#FFE5DC
3416	#FFE7DE
3417	#FFE8E0
3418	#FFE9E1
3419	#FFEBE3
3420	#FFECE5
3421	#FFEDE6
3422	#FFEEE8
3423	#FFEFE9
3424	#FFF0EA
3425	#FFF1EC
3426	#FFF2ED
3427	#FFF2EE
3428	#FFF3EF
3429	#FFF4F0
3430	#FFF4F0
3431	#FFF5F1
3432	#FFF5F2
3433	#FFF6F2
3434	#FFF6F3
3435	#FFF6F3
3436	#FFF6F3
3437	#FFF7F3
3438	#FFF7F3
3439	#FFF7F3
3440	#FFF7F3
3441	#FFF6F3
3442	#FFF6F3
3443	#FFF6F3
3444	#FFF6F2
3445	#FFF5F2
3446	#FFF5F1
3447	#FFF4F0
3448	#FFF4EF
3449	#FFF3EF
3450	#FFF2EE
3451	#FFF2ED
3452	#FFF1EC
3453	#FFF0EA
3454	#FFEFE9
3455	#FFEEE8
3456	#FFEDE6
3457	#FFECE5
3458	#FFEBE3
3459	#FFE9E1
3460	#FFE8E0
3461	#FFE7DE
3462	#FFE5DC
3463	#FFE4DA
3464	#FFE2D7
3465	#FFE0D5
3466	#FFDFD3
3467	#FFDDD1
3468	#FFDBCE
3469	#FFD9CC
3470	#FFD7C9
3471	#FFD5C6
3472	#FFD3C4
3473	#FFD1C1
3474	#FFCEBE
3475	#FFCCBB
3476	#FFCAB8
3477	#FFC7B5
3478	#FFC5B1
3479	#FFC2AE
3480	#FFC0AB
3481	#FFBDA7
3482	#FFBAA4
3483	#FFB7A0
3484	#FFCDBC
3485	#FFCFBF
3486	#FFD1C2
3487	#FFD4C4
3488	#FFD6C7
3489	#FFD8CA
3490	#FFD9CC
3491	#FFDBCF
3492	#FFDDD1
3493	#FFDFD3
3494	#FFE0D5
3495	#FFE2D8
3496	#FFE4DA
3497	#FFE5DC
3498	#FFE6DD
3499	#FFE8DF
3500	#FFE9E1
3501	#FFEAE3
3502	#FFEBE4
3503	#FFECE5
3504	#FFEDE7
3505	#FFEEE8
3506	#FFEFE9
3507	#FFF0EA
3508	#FFF1EB
3509	#FFF1EC
3510	#FFF2ED
3511	#FFF3EE
3512	#FFF3EF
3513	#FFF4EF
3514	#FFF4F0
3515	#FFF4F0
3516	#FFF4F1
3517	#FFF5F1
3518	#FFF5F1
3519	#FFF5F1
3520	#FFF5F1
3521	#FFF5F1
3522	#FFF5F1
3523	#FFF4F0
3524	#FFF4F0
3525	#FFF4F0
3526	#FFF3EF
3527	#FFF3EF
3528	#FFF2EE
3529	#FFF2ED
3530	#FFF1EC
3531	#FFF1EB
3532	#FFF0EA
3533	#FFEFE9
3534	#FFEEE8
3535	#FFEDE7
3536	#FFECE5
3537	#FFEBE4
3538	#FFEAE2
3539	#FFE9E0
3540	#FFE7DF
3541	#FFE6DD
3542	#FFE5DB
3543	#FFE3D9
3544	#FFE2D7
3545	#FFE0D5
3546	#FFDED3
3547	#FFDDD0
3548	#FFDBCE
3549	#FFD9CC
3550	#FFD7C9
3551	#FFD5C6
3552	#FFD3C4
3553	#FFD1C1
3554	#FFCFBE
3555	#FFCCBB
3556	#FFCAB8
3557	#FFC8B5
3558	#FFC5B2
3559	#FFC3AF
3560	#FFC0AB
3561	#FFBEA8
3562	#FFBBA5
3563	#FFB8A1
3564	#FFB59D
3565	#FFCBBA
3566	#FFCEBD
3567	#FFD0BF
3568	#FFD2C2
3569	#FFD4C5
3570	#FFD6C7
3571	#FFD8CA
3572	#FFDACC
3573	#FFDBCF
3574	#FFDDD1
3575	#FFDFD3
3576	#FFE0D5
3577	#FFE2D7
3578	#FFE3D9
3579	#FFE5DB
3580	#FFE6DD
3581	#FFE7DE
3582	#FFE8E0
3583	#FFE9E2
3584	#FFEBE3
3585	#FFECE4
3586	#FFECE6
3587	#FFEDE7
3588	#FFEEE8
3589	#FFEFE9
3590	#FFF0EA
3591	#FFF0EB
3592	#FFF1EB
3593	#FFF1EC
3594	#FFF2ED
3595	#FFF2ED
3596	#FFF2EE
3597	#FFF3EE
3598	#FFF3EE
3599	#FFF3EE
3600	#FFF3EE
3601	#FFF3EE
3602	#FFF3EE
3603	#FFF3EE
3604	#FFF2EE
3605	#FFF2ED
3606	#FFF2ED
3607	#FFF1EC
3608	#FFF1EC
3609	#FFF1EB
3610	#FFF0EA
3611	#FFEFE9
3612	#FFEFE8
3613	#FFEEE7
3614	#FFEDE6
3615	#FFECE5
3616	#FFEBE4
3617	#FFEAE2
3618	#FFE9E1
3619	#FFE8DF
3620	#FFE7DE
3621	#FFE5DC
3622	#FFE4DA
3623	#FFE3D8
3624	#FFE1D6
3625	#FFE0D4
3626	#FFDED2
3627	#FFDCD0
3628	#FFDBCE
3629	#FFD9CB
3630	#FFD7C9
3631	#FFD5C6
3632	#FFD3C4
3633	#FFD1C1
3634	#FFCFBE
3635	#FFCDBB
3636	#FFCAB8
3637	#FFC8B5
3638	#FFC6B2
3639	#FFC3AF
3640	#FFC1AC
3641	#FFBEA9
3642	#FFBBA5
3643	#FFB9A2
3644	#FFB69E
3645	#FFB39B
3646	#FFCAB7
3647	#FFCCBA
3648	#FFCEBD
3649	#FFD0C0
3650	#FFD2C2
3651	#FFD4C5
3652	#FFD6C7
3653	#FFD8CA
3654	#FFD9CC
3655	#FFDBCE
3656	#FFDDD1
3657	#FFDED3
3658	#FFE0D5
3659	#FFE1D7
3660	#FFE3D8
3661	#FFE4DA
3662	#FFE5DC
3663	#FFE6DD
3664	#FFE8DF
3665	#FFE9E0
3666	#FFEAE2
3667	#FFEBE3
3668	#FFEBE4
3669	#FFECE5
3670	#FFEDE6
3671	#FFEEE7
3672	#FFEEE8
3673	#FFEFE9
3674	#FFEFE9
3675	#FFF0EA
3676	#FFF0EA
3677	#FFF0EB
3678	#FFF1EB
3679	#FFF1EB
3680	#FFF1EC
3681	#FFF1EC
3682	#FFF1EC
3683	#FFF1EB
3684	#FFF1EB
3685	#FFF0EB
3686	#FFF0EB
3687	#FFF0EA
3688	#FFEFEA
3689	#FFEFE9
3690	#FFEEE8
3691	#FFEEE7
3692	#FFEDE7
3693	#FFECE6
3694	#FFECE5
3695	#FFEBE3
3696	#FFEAE2
3697	#FFE9E1
3698	#FFE8DF
3699	#FFE7DE
3700	#FFE6DC
3701	#FFE4DB
3702	#FFE3D9
3703	#FFE2D7
3704	#FFE0D5
3705	#FFDFD3
3706	#FFDDD1
3707	#FFDCCF
3708	#FFDACD
3709	#FFD8CB
3710	#FFD6C8
3711	#FFD5C6
3712	#FFD3C3
3713	#FFD1C1
3714	#FFCFBE
3715	#FFCCBB
3716	#FFCAB8
3717	#FFC8B5
3718	#FFC6B2
3719	#FFC3AF
3720	#FFC1AC
3721	#FFBEA9
3722	#FFBCA6
3723	#FFB9A2
3724	#FFB69F
3725	#FFB39B
3726	#FFB098
3727	#FFC7B5
3728	#FFCAB8
3729	#FFCCBA
3730	#FFCEBD
3731	#FFD0C0
3732	#FFD2C2
3733	#FFD4C5
3734	#FFD6C7
3735	#FFD7C9
3736	#FFD9CC
3737	#FFDBCE
3738	#FFDCD0
3739	#FFDED2
3740	#FFDFD4
3741	#FFE1D6
3742	#FFE2D7
3743	#FFE3D9
3744	#FFE4DB
3745	#FFE5DC
3746	#FFE6DE
3747	#FFE7DF
3748	#FFE8E0
3749	#FFE9E1
3750	#FFEAE2
3751	#FFEBE3
3752	#FFEBE4
3753	#FFECE5
3754	#FFEDE6
3755	#FFEDE6
3756	#FFEDE7
3757	#FFEEE7
3758	#FFEEE8
3759	#FFEEE8
3760	#FFEEE8
3761	#FFEFE9
3762	#FFEFE9
3763	#FFEFE9
3764	#FFEEE8
3765	#FFEEE8
3766	#FFEEE8
3767	#FFEEE8
3768	#FFEDE7
3769	#FFEDE6
3770	#FFEDE6
3771	#FFECE5
3772	#FFEBE4
3773	#FFEBE3
3774	#FFEAE2
3775	#FFE9E1
3776	#FFE8E0
3777	#FFE8DF
3778	#FFE7DE
3779	#FFE6DC
3780	#FFE4DB
3781	#FFE3D9
3782	#FFE2D8
3783	#FFE1D6
3784	#FFDFD4
3785	#FFDED2
3786	#FFDCD0
3787	#FFDBCE
3788	#FFD9CC
3789	#FFD8CA
3790	#FFD6C7
3791	#FFD4C5
3792	#FFD2C3
3793	#FFD0C0
3794	#FFCEBD
3795	#FFCCBB
3796	#FFCAB8
3797	#FFC8B5
3798	#FFC5B2
3799	#FFC3AF
3800	#FFC1AC
3801	#FFBEA9
3802	#FFBCA6
3803	#FFB9A2
3804	#FFB69F
3805	#FFB49B
3806	#FFB198
3807	#FFAE94
3808	#FFC5B2
3809	#FFC7B5
3810	#FFCAB7
3811	#FFCCBA
3812	#FFCEBD
3813	#FFD0BF
3814	#FFD2C2
3815	#FFD3C4
3816	#FFD5C6
3817	#FFD7C9
3818	#FFD8CB
3819	#FFDACD
3820	#FFDBCF
3821	#FFDDD1
3822	#FFDED3
3823	#FFE0D4
3824	#FFE1D6
3825	#FFE2D8
3826	#FFE3D9
3827	#FFE4DA
3828	#FFE5DC
3829	#FFE6DD
3830	#FFE7DE
3831	#FFE8DF
3832	#FFE8E0
3833	#FFE9E1
3834	#FFEAE2
3835	#FFEAE3
3836	#FFEBE3
3837	#FFEBE4
3838	#FFEBE4
3839	#FFECE5
3840	#FFECE5
3841	#FFECE5
3842	#FFECE5
3843	#FFECE5
3844	#FFECE5
3845	#FFECE5
3846	#FFECE5
3847	#FFECE5
3848	#FFEBE4
3849	#FFEBE4
3850	#FFEBE3
3851	#FFEAE3
3852	#FFEAE2
3853	#FFE9E1
3854	#FFE8E0
3855	#FFE8DF
3856	#FFE7DE
3857	#FFE6DD
3858	#FFE5DC
3859	#FFE4DA
3860	#FFE3D9
3861	#FFE2D7
3862	#FFE1D6
3863	#FFDFD4
3864	#FFDED2
3865	#FFDDD1
3866	#FFDBCF
3867	#FFDACD
3868	#FFD8CB
3869	#FFD7C8
3870	#FFD5C6
3871	#FFD3C4
3872	#FFD1C2
3873	#FFCFBF
3874	#FFCEBD
3875	#FFCBBA
3876	#FFC9B7
3877	#FFC7B4
3878	#FFC5B2
3879	#FFC3AF
3880	#FFC0AC
3881	#FFBEA9
3882	#FFBBA5
3883	#FFB9A2
3884	#FFB69F
3885	#FFB49B
3886	#FFB198
3887	#FFAE94
3888	#FFAB91
3889	#FFC3AF
3890	#FFC5B2
3891	#FFC7B4
3892	#FFC9B7
3893	#FFCBBA
3894	#FFCDBC
3895	#FFCFBF
3896	#FFD1C1
3897	#FFD3C3
3898	#FFD4C6
3899	#FFD6C8
3900	#FFD8CA
3901	#FFD9CC
3902	#FFDACE
3903	#FFDCCF
3904	#FFDDD1
3905	#FFDED3
3906	#FFE0D4
3907	#FFE1D6
3908	#FFE2D7
3909	#FFE3D8
3910	#FFE4DA
3911	#FFE4DB
3912	#FFE5DC
3913	#FFE6DD
3914	#FFE7DE
3915	#FFE7DE
3916	#FFE8DF
3917	#FFE8E0
3918	#FFE9E0
3919	#FFE9E1
3920	#FFE9E1
3921	#FFE9E1
3922	#FFEAE2
3923	#FFEAE2
3924	#FFEAE2
3925	#FFEAE2
3926	#FFE9E2
3927	#FFE9E1
3928	#FFE9E1
3929	#FFE9E1
3930	#FFE8E0
3931	#FFE8E0
3932	#FFE8DF
3933	#FFE7DE
3934	#FFE6DD
3935	#FFE6DD
3936	#FFE5DC
3937	#FFE4DA
3938	#FFE3D9
3939	#FFE2D8
3940	#FFE1D7
3941	#FFE0D5
3942	#FFDFD4
3943	#FFDED2
3944	#FFDDD1
3945	#FFDBCF
3946	#FFDACD
3947	#FFD9CB
3948	#FFD7C9
3949	#FFD6C7
3950	#FFD4C5
3951	#FFD2C3
3952	#FFD0C0
3953	#FFCFBE
3954	#FFCDBB
3955	#FFCBB9
3956	#FFC9B6
3957	#FFC7B4
3958	#FFC4B1
3959	#FFC2AE
3960	#FFC0AB
3961	#FFBDA8
3962	#FFBBA5
3963	#FFB9A2
3964	#FFB69E
3965	#FFB39B
3966	#FFB198
3967	#FFAE94
3968	#FFAB91
3969	#FFA88D
3970	#FFC0AC
3971	#FFC3AE
3972	#FFC5B1
3973	#FFC7B4
3974	#FFC9B6
3975	#FFCBB9
3976	#FFCDBB
3977	#FFCEBE
3978	#FFD0C0
3979	#FFD2C2
3980	#FFD3C4
3981	#FFD5C6
3982	#FFD6C8
3983	#FFD8CA
3984	#FFD9CC
3985	#FFDBCE
3986	#FFDCCF
3987	#FFDDD1
3988	#FFDED2
3989	#FFDFD4
3990	#FFE0D5
3991	#FFE1D6
3992	#FFE2D7
3993	#FFE3D8
3994	#FFE3D9
3995	#FFE4DA
3996	#FFE4DB
3997	#FFE5DC
3998	#FFE5DC
3999	#FFE6DD
4000	#FFE6DD
4001	#FFE6DE
4002	#FFE7DE
4003	#FFE7DE
4004	#FFE7DE
4005	#FFE7DE
4006	#FFE7DE
4007	#FFE7DE
4008	#FFE7DE
4009	#FFE6DD
4010	#FFE6DD
4011	#FFE6DC
4012	#FFE5DC
4013	#FFE5DB
4014	#FFE4DA
4015	#FFE4DA
4016	#FFE3D9
4017	#FFE2D8
4018	#FFE1D7
4019	#FFE0D5
4020	#FFE0D4
4021	#FFDFD3
4022	#FFDDD1
4023	#FFDCD0
4024	#FFDBCE
4025	#FFDACD
4026	#FFD9CB
4027	#FFD7C9
4028	#FFD6C7
4029	#FFD4C5
4030	#FFD3C3
4031	#FFD1C1
4032	#FFCFBF
4033	#FFCDBC
4034	#FFCCBA
4035	#FFCAB8
4036	#FFC8B5
4037	#FFC6B2
4038	#FFC4B0
4039	#FFC1AD
4040	#FFBFAA
4041	#FFBDA7
4042	#FFBAA4
4043	#FFB8A1
4044	#FFB59E
4045	#FFB39B
4046	#FFB097
4047	#FFAD94
4048	#FFAB90
4049	#FFA88D
4050	#FFA589
4051	#FFBEA8
4052	#FFC0AB
4053	#FFC2AE
4054	#FFC4B0
4055	#FFC6B3
4056	#FFC8B5
4057	#FFCAB8
4058	#FFCCBA
4059	#FFCDBC
4060	#FFCFBF
4061	#FFD1C1
4062	#FFD2C3
4063	#FFD4C5
4064	#FFD5C6
4065	#FFD6C8
4066	#FFD8CA
4067	#FFD9CC
4068	#FFDACD
4069	#FFDBCF
4070	#FFDCD0
4071	#FFDDD1
4072	#FFDED2
4073	#FFDFD3
4074	#FFE0D4
4075	#FFE0D5
4076	#FFE1D6
4077	#FFE2D7
4078	#FFE2D8
4079	#FFE3D8
4080	#FFE3D9
4081	#FFE3D9
4082	#FFE4DA
4083	#FFE4DA
4084	#FFE4DA
4085	#FFE4DA
4086	#FFE4DA
4087	#FFE4DA
4088	#FFE4DA
4089	#FFE4DA
4090	#FFE3D9
4091	#FFE3D9
4092	#FFE3D9
4093	#FFE2D8
4094	#FFE2D7
4095	#FFE1D7
4096	#FFE1D6
4097	#FFE0D5
4098	#FFDFD4
4099	#FFDED3
4100	#FFDDD1
4101	#FFDCD0
4102	#FFDBCF
4103	#FFDACD
4104	#FFD9CC
4105	#FFD8CA
4106	#FFD7C9
4107	#FFD5C7
4108	#FFD4C5
4109	#FFD3C3
4110	#FFD1C1
4111	#FFCFBF
4112	#FFCEBD
4113	#FFCCBB
4114	#FFCAB8
4115	#FFC8B6
4116	#FFC7B4
4117	#FFC5B1
4118	#FFC3AE
4119	#FFC0AC
4120	#FFBEA9
4121	#FFBCA6
4122	#FFBAA3
4123	#FFB7A0
4124	#FFB59D
4125	#FFB29A
4126	#FFB097
4127	#FFAD93
4128	#FFAA90
4129	#FFA78C
4130	#FFA489
4131	#FFA185
4132	#FFBBA4
4133	#FFBDA7
4134	#FFBFAA
4135	#FFC1AD
4136	#FFC3AF
4137	#FFC5B2
4138	#FFC7B4
4139	#FFC9B6
4140	#FFCAB9
4141	#FFCCBB
4142	#FFCEBD
4143	#FFCFBF
4144	#FFD1C1
4145	#FFD2C3
4146	#FFD4C4
4147	#FFD5C6
4148	#FFD6C8
4149	#FFD7C9
4150	#FFD8CB
4151	#FFD9CC
4152	#FFDACD
4153	#FFDBCE
4154	#FFDCCF
4155	#FFDDD1
4156	#FFDDD1
4157	#FFDED2
4158	#FFDFD3
4159	#FFDFD4
4160	#FFE0D4
4161	#FFE0D5
4162	#FFE0D5
4163	#FFE1D6
4164	#FFE1D6
4165	#FFE1D6
4166	#FFE1D6
4167	#FFE1D6
4168	#FFE1D6
4169	#FFE1D6
4170	#FFE1D6
4171	#FFE0D5
4172	#FFE0D5
4173	#FFE0D4
4174	#FFDFD4
4175	#FFDFD3
4176	#FFDED2
4177	#FFDDD1
4178	#FFDDD1
4179	#FFDCD0
4180	#FFDBCE
4181	#FFDACD
4182	#FFD9CC
4183	#FFD8CB
4184	#FFD7C9
4185	#FFD6C8
4186	#FFD5C6
4187	#FFD4C4
4188	#FFD2C3
4189	#FFD1C1
4190	#FFCFBF
4191	#FFCEBD
4192	#FFCCBB
4193	#FFCBB9
4194	#FFC9B6
4195	#FFC7B4
4196	#FFC5B2
4197	#FFC3AF
4198	#FFC1AD
4199	#FFBFAA
4200	#FFBDA7
4201	#FFBBA5
4202	#FFB9A2
4203	#FFB69F
4204	#FFB49C
4205	#FFB199
4206	#FFAF96
4207	#FFAC92
4208	#FFA98F
4209	#FFA78C
4210	#FFA488
4211	#FFA185
4212	#FF9E81
4213	#FFB8A1
4214	#FFBAA3
4215	#FFBCA6
4216	#FFBEA9
4217	#FFC0AB
4218	#FFC2AE
4219	#FFC4B0
4220	#FFC6B2
4221	#FFC7B5
4222	#FFC9B7
4223	#FFCBB9
4224	#FFCCBB
4225	#FFCEBD
4226	#FFCFBF
4227	#FFD0C0
4228	#FFD2C2
4229	#FFD3C4
4230	#FFD4C5
4231	#FFD5C6
4232	#FFD6C8
4233	#FFD7C9
4234	#FFD8CA
4235	#FFD9CB
4236	#FFDACC
4237	#FFDACD
4238	#FFDBCE
4239	#FFDBCF
4240	#FFDCCF
4241	#FFDCD0
4242	#FFDDD1
4243	#FFDDD1
4244	#FFDDD1
4245	#FFDED2
4246	#FFDED2
4247	#FFDED2
4248	#FFDED2
4249	#FFDED2
4250	#FFDDD2
4251	#FFDDD1
4252	#FFDDD1
4253	#FFDDD0
4254	#FFDCD0
4255	#FFDCCF
4256	#FFDBCF
4257	#FFDBCE
4258	#FFDACD
4259	#FFD9CC
4260	#FFD9CB
4261	#FFD8CA
4262	#FFD7C9
4263	#FFD6C8
4264	#FFD5C6
4265	#FFD4C5
4266	#FFD3C3
4267	#FFD1C2
4268	#FFD0C0
4269	#FFCFBE
4270	#FFCDBC
4271	#FFCCBA
4272	#FFCAB8
4273	#FFC9B6
4274	#FFC7B4
4275	#FFC5B2
4276	#FFC4B0
4277	#FFC2AD
4278	#FFC0AB
4279	#FFBEA8
4280	#FFBCA6
4281	#FFB9A3
4282	#FFB7A0
4283	#FFB59D
4284	#FFB39A
4285	#FFB097
4286	#FFAE94
4287	#FFAB91
4288	#FFA88E
4289	#FFA68B
4290	#FFA387
4291	#FFA084
4292	#FF9D80
4293	#FF9A7D
4294	#FFB49D
4295	#FFB79F
4296	#FFB9A2
4297	#FFBBA5
4298	#FFBDA7
4299	#FFBFAA
4300	#FFC1AC
4301	#FFC2AE
4302	#FFC4B0
4303	#FFC6B3
4304	#FFC7B5
4305	#FFC9B7
4306	#FFCAB8
4307	#FFCCBA
4308	#FFCDBC
4309	#FFCEBE
4310	#FFD0BF
4311	#FFD1C1
4312	#FFD2C2
4313	#FFD3C3
4314	#FFD4C5
4315	#FFD5C6
4316	#FFD5C7
4317	#FFD6C8
4318	#FFD7C9
4319	#FFD8CA
4320	#FFD8CA
4321	#FFD9CB
4322	#FFD9CC
4323	#FFD9CC
4324	#FFDACD
4325	#FFDACD
4326	#FFDACD
4327	#FFDACD
4328	#FFDACD
4329	#FFDACD
4330	#FFDACD
4331	#FFDACD
4332	#FFDACD
4333	#FFDACC
4334	#FFD9CC
4335	#FFD9CB
4336	#FFD8CB
4337	#FFD8CA
4338	#FFD7C9
4339	#FFD7C8
4340	#FFD6C8
4341	#FFD5C7
4342	#FFD4C5
4343	#FFD3C4
4344	#FFD2C3
4345	#FFD1C2
4346	#FFD0C0
4347	#FFCFBF
4348	#FFCEBD
4349	#FFCDBB
4350	#FFCBBA
4351	#FFCAB8
4352	#FFC8B6
4353	#FFC7B4
4354	#FFC5B2
4355	#FFC3B0
4356	#FFC2AD
4357	#FFC0AB
4358	#FFBEA9
4359	#FFBCA6
4360	#FFBAA4
4361	#FFB8A1
4362	#FFB69E
4363	#FFB49B
4364	#FFB199
4365	#FFAF96
4366	#FFAC93
4367	#FFAA90
4368	#FFA78C
4369	#FFA589
4370	#FFA286
4371	#FF9F83
4372	#FF9C7F
4373	#FF997C
4374	#FF9678
4375	#FFB198
4376	#FFB39B
4377	#FFB59E
4378	#FFB7A0
4379	#FFB9A3
4380	#FFBBA5
4381	#FFBDA8
4382	#FFBFAA
4383	#FFC1AC
4384	#FFC2AE
4385	#FFC4B0
4386	#FFC5B2
4387	#FFC7B4
4388	#FFC8B6
4389	#FFCAB8
4390	#FFCBB9
4391	#FFCCBB
4392	#FFCDBC
4393	#FFCEBE
4394	#FFCFBF
4395	#FFD0C0
4396	#FFD1C1
4397	#FFD2C2
4398	#FFD3C3
4399	#FFD3C4
4400	#FFD4C5
4401	#FFD5C6
4402	#FFD5C6
4403	#FFD5C7
4404	#FFD6C7
4405	#FFD6C8
4406	#FFD6C8
4407	#FFD7C8
4408	#FFD7C9
4409	#FFD7C9
4410	#FFD7C9
4411	#FFD7C8
4412	#FFD6C8
4413	#FFD6C8
4414	#FFD6C8
4415	#FFD6C7
4416	#FFD5C7
4417	#FFD5C6
4418	#FFD4C5
4419	#FFD4C5
4420	#FFD3C4
4421	#FFD2C3
4422	#FFD1C2
4423	#FFD1C1
4424	#FFD0BF
4425	#FFCFBE
4426	#FFCEBD
4427	#FFCDBB
4428	#FFCBBA
4429	#FFCAB8
4430	#FFC9B7
4431	#FFC8B5
4432	#FFC6B3
4433	#FFC5B1
4434	#FFC3AF
4435	#FFC1AD
4436	#FFC0AB
4437	#FFBEA8
4438	#FFBCA6
4439	#FFBAA4
4440	#FFB8A1
4441	#FFB69F
4442	#FFB49C
4443	#FFB299
4444	#FFB097
4445	#FFAD94
4446	#FFAB91
4447	#FFA88E
4448	#FFA68B
4449	#FFA388
4450	#FFA184
4451	#FF9E81
4452	#FF9B7E
4453	#FF987A
4454	#FF9577
4455	#FF9273
4456	#FFAD94
4457	#FFB097
4458	#FFB299
4459	#FFB49C
4460	#FFB69E
4461	#FFB8A1
4462	#FFBAA3
4463	#FFBBA5
4464	#FFBDA7
4465	#FFBFAA
4466	#FFC0AC
4467	#FFC2AD
4468	#FFC3AF
4469	#FFC5B1
4470	#FFC6B3
4471	#FFC7B4
4472	#FFC8B6
4473	#FFCAB7
4474	#FFCBB9
4475	#FFCCBA
4476	#FFCDBB
4477	#FFCDBC
4478	#FFCEBE
4479	#FFCFBE
4480	#FFD0BF
4481	#FFD0C0
4482	#FFD1C1
4483	#FFD1C2
4484	#FFD2C2
4485	#FFD2C3
4486	#FFD2C3
4487	#FFD3C3
4488	#FFD3C3
4489	#FFD3C4
4490	#FFD3C4
4491	#FFD3C4
4492	#FFD3C3
4493	#FFD3C3
4494	#FFD2C3
4495	#FFD2C3
4496	#FFD2C2
4497	#FFD1C2
4498	#FFD1C1
4499	#FFD0C0
4500	#FFD0C0
4501	#FFCFBF
4502	#FFCEBE
4503	#FFCEBD
4504	#FFCDBC
4505	#FFCCBA
4506	#FFCBB9
4507	#FFCAB8
4508	#FFC9B6
4509	#FFC8B5
4510	#FFC6B3
4511	#FFC5B1
4512	#FFC4B0
4513	#FFC2AE
4514	#FFC1AC
4515	#FFBFAA
4516	#FFBDA8
4517	#FFBCA6
4518	#FFBAA3
4519	#FFB8A1
4520	#FFB69F
4521	#FFB49C
4522	#FFB29A
4523	#FFB097
4524	#FFAE94
4525	#FFAC92
4526	#FFA98F
4527	#FFA78C
4528	#FFA489
4529	#FFA286
4530	#FF9F83
4531	#FF9C7F
4532	#FF9A7C
4533	#FF9779
4534	#FF9475
4535	#FF9172
4536	#FF8D6E
4537	#FFAA8F
4538	#FFAC92
4539	#FFAE94
4540	#FFB097
4541	#FFB299
4542	#FFB49C
4543	#FFB69E
4544	#FFB8A0
4545	#FFB9A3
4546	#FFBBA5
4547	#FFBCA7
4548	#FFBEA9
4549	#FFBFAA
4550	#FFC1AC
4551	#FFC2AE
4552	#FFC3B0
4553	#FFC5B1
4554	#FFC6B3
4555	#FFC7B4
4556	#FFC8B5
4557	#FFC9B6
4558	#FFCAB7
4559	#FFCAB9
4560	#FFCBB9
4561	#FFCCBA
4562	#FFCCBB
4563	#FFCDBC
4564	#FFCDBC
4565	#FFCEBD
4566	#FFCEBD
4567	#FFCFBE
4568	#FFCFBE
4569	#FFCFBE
4570	#FFCFBE
4571	#FFCFBF
4572	#FFCFBE
4573	#FFCFBE
4574	#FFCFBE
4575	#FFCFBE
4576	#FFCEBD
4577	#FFCEBD
4578	#FFCDBC
4579	#FFCDBC
4580	#FFCCBB
4581	#FFCCBA
4582	#FFCBB9
4583	#FFCAB9
4584	#FFCAB7
4585	#FFC9B6
4586	#FFC8B5
4587	#FFC7B4
4588	#FFC6B2
4589	#FFC5B1
4590	#FFC3B0
4591	#FFC2AE
4592	#FFC1AC
4593	#FFBFAA
4594	#FFBEA9
4595	#FFBCA7
4596	#FFBBA5
4597	#FFB9A3
4598	#FFB8A0
4599	#FFB69E
4600	#FFB49C
4601	#FFB299
4602	#FFB097
4603	#FFAE94
4604	#FFAC92
4605	#FFA98F
4606	#FFA78C
4607	#FFA589
4608	#FFA287
4609	#FFA084
4610	#FF9D80
4611	#FF9B7D
4612	#FF987A
4613	#FF9577
4614	#FF9273
4615	#FF8F70
4616	#FF8C6D
4617	#FF8969
4618	#FFA68A
4619	#FFA88D
4620	#FFAA90
4621	#FFAC92
4622	#FFAE95
4623	#FFB097
4624	#FFB299
4625	#FFB49B
4626	#FFB59E
4627	#FFB7A0
4628	#FFB9A2
4629	#FFBAA4
4630	#FFBBA5
4631	#FFBDA7
4632	#FFBEA9
4633	#FFBFAA
4634	#FFC1AC
4635	#FFC2AD
4636	#FFC3AF
4637	#FFC4B0
4638	#FFC5B1
4639	#FFC6B2
4640	#FFC6B3
4641	#FFC7B4
4642	#FFC8B5
4643	#FFC8B6
4644	#FFC9B7
4645	#FFC9B7
4646	#FFCAB8
4647	#FFCAB8
4648	#FFCAB9
4649	#FFCBB9
4650	#FFCBB9
4651	#FFCBB9
4652	#FFCBB9
4653	#FFCBB9
4654	#FFCBB9
4655	#FFCBB9
4656	#FFCAB8
4657	#FFCAB8
4658	#FFCAB8
4659	#FFC9B7
4660	#FFC9B6
4661	#FFC8B6
4662	#FFC8B5
4663	#FFC7B4
4664	#FFC6B3
4665	#FFC5B2
4666	#FFC5B1
4667	#FFC4B0
4668	#FFC3AE
4669	#FFC2AD
4670	#FFC0AC
4671	#FFBFAA
4672	#FFBEA8
4673	#FFBDA7
4674	#FFBBA5
4675	#FFBAA3
4676	#FFB8A1
4677	#FFB79F
4678	#FFB59D
4679	#FFB39B
4680	#FFB199
4681	#FFAF96
4682	#FFAE94
4683	#FFAB92
4684	#FFA98F
4685	#FFA78C
4686	#FFA58A
4687	#FFA387
4688	#FFA084
4689	#FF9E81
4690	#FF9B7E
4691	#FF997B
4692	#FF9678
4693	#FF9375
4694	#FF9071
4695	#FF8D6E
4696	#FF8A6B
4697	#FF8767
4698	#FF8464
4699	#FFA185
4700	#FFA488
4701	#FFA68B
4702	#FFA88D
4703	#FFAA8F
4704	#FFAC92
4705	#FFAE94
4706	#FFAF96
4707	#FFB198
4708	#FFB39A
4709	#FFB49C
4710	#FFB69E
4711	#FFB7A0
4712	#FFB9A2
4713	#FFBAA4
4714	#FFBBA5
4715	#FFBCA7
4716	#FFBEA8
4717	#FFBFA9
4718	#FFC0AB
4719	#FFC1AC
4720	#FFC1AD
4721	#FFC2AE
4722	#FFC3AF
4723	#FFC4B0
4724	#FFC4B0
4725	#FFC5B1
4726	#FFC5B2
4727	#FFC6B2
4728	#FFC6B3
4729	#FFC6B3
4730	#FFC6B3
4731	#FFC7B4
4732	#FFC7B4
4733	#FFC7B4
4734	#FFC7B4
4735	#FFC7B3
4736	#FFC6B3
4737	#FFC6B3
4738	#FFC6B3
4739	#FFC5B2
4740	#FFC5B2
4741	#FFC4B1
4742	#FFC4B0
4743	#FFC3AF
4744	#FFC3AE
4745	#FFC2AE
4746	#FFC1AC
4747	#FFC0AB
4748	#FFBFAA
4749	#FFBEA9
4750	#FFBDA7
4751	#FFBCA6
4752	#FFBBA4
4753	#FFB9A3
4754	#FFB8A1
4755	#FFB79F
4756	#FFB59E
4757	#FFB49C
4758	#FFB29A
4759	#FFB098
4760	#FFAF95
4761	#FFAD93
4762	#FFAB91
4763	#FFA98E
4764	#FFA78C
4765	#FFA589
4766	#FFA387
4767	#FFA084
4768	#FF9E81
4769	#FF9C7E
4770	#FF997C
4771	#FF9779
4772	#FF9475
4773	#FF9172
4774	#FF8E6F
4775	#FF8B6C
4776	#FF8869
4777	#FF8565
4778	#FF8262
4779	#FF7F5E
4780	#FF9D80
4781	#FF9F83
4782	#FFA185
4783	#FFA388
4784	#FFA58A
4785	#FFA78D
4786	#FFA98F
4787	#FFAB91
4788	#FFAD93
4789	#FFAE95
4790	#FFB097
4791	#FFB199
4792	#FFB39B
4793	#FFB49C
4794	#FFB69E
4795	#FFB7A0
4796	#FFB8A1
4797	#FFB9A3
4798	#FFBAA4
4799	#FFBBA5
4800	#FFBCA6
4801	#FFBDA7
4802	#FFBEA8
4803	#FFBFA9
4804	#FFBFAA
4805	#FFC0AB
4806	#FFC0AC
4807	#FFC1AC
4808	#FFC1AD
4809	#FFC2AD
4810	#FFC2AD
4811	#FFC2AE
4812	#FFC2AE
4813	#FFC2AE
4814	#FFC2AE
4815	#FFC2AE
4816	#FFC2AE
4817	#FFC2AE
4818	#FFC2AD
4819	#FFC1AD
4820	#FFC1AC
4821	#FFC0AC
4822	#FFC0AB
4823	#FFBFAA
4824	#FFBFAA
4825	#FFBEA9
4826	#FFBDA8
4827	#FFBCA7
4828	#FFBCA6
4829	#FFBBA4
4830	#FFBAA3
4831	#FFB8A2
4832	#FFB7A0
4833	#FFB69F
4834	#FFB59D
4835	#FFB39B
4836	#FFB29A
4837	#FFB198
4838	#FFAF96
4839	#FFAD94
4840	#FFAC92
4841	#FFAA90
4842	#FFA88D
4843	#FFA68B
4844	#FFA489
4845	#FFA286
4846	#FFA084
4847	#FF9E81
4848	#FF9B7E
4849	#FF997C
4850	#FF9779
4851	#FF9476
4852	#FF9173
4853	#FF8F70
4854	#FF8C6D
4855	#FF8969
4856	#FF8666
4857	#FF8363
4858	#FF805F
4859	#FF7D5C
4860	#FF7958
4861	#FF987B
4862	#FF9B7D
4863	#FF9D80
4864	#FF9F82
4865	#FFA185
4866	#FFA387
4867	#FFA589
4868	#FFA68B
4869	#FFA88E
4870	#FFAA90
4871	#FFAB91
4872	#FFAD93
4873	#FFAE95
4874	#FFB097
4875	#FFB198
4876	#FFB29A
4877	#FFB49B
4878	#FFB59D
4879	#FFB69E
4880	#FFB79F
4881	#FFB8A1
4882	#FFB8A2
4883	#FFB9A3
4884	#FFBAA3
4885	#FFBBA4
4886	#FFBBA5
4887	#FFBCA6
4888	#FFBCA6
4889	#FFBDA7
4890	#FFBDA7
4891	#FFBDA8
4892	#FFBDA8
4893	#FFBEA8
4894	#FFBEA8
4895	#FFBEA8
4896	#FFBEA8
4897	#FFBDA8
4898	#FFBDA8
4899	#FFBDA7
4900	#FFBDA7
4901	#FFBCA6
4902	#FFBCA6
4903	#FFBBA5
4904	#FFBBA4
4905	#FFBAA4
4906	#FFB9A3
4907	#FFB9A2
4908	#FFB8A1
4909	#FFB7A0
4910	#FFB69E
4911	#FFB59D
4912	#FFB49C
4913	#FFB39A
4914	#FFB199
4915	#FFB097
4916	#FFAF95
4917	#FFAD94
4918	#FFAC92
4919	#FFAA90
4920	#FFA88E
4921	#FFA78C
4922	#FFA58A
4923	#FFA387
4924	#FFA185
4925	#FF9F83
4926	#FF9D80
4927	#FF9B7E
4928	#FF997B
4929	#FF9678
4930	#FF9476
4931	#FF9173
4932	#FF8F70
4933	#FF8C6D
4934	#FF896A
4935	#FF8767
4936	#FF8463
4937	#FF8160
4938	#FF7E5D
4939	#FF7A59
4940	#FF7756
4941	#FF7452
4942	#FF9375
4943	#FF9678
4944	#FF987A
4945	#FF9A7D
4946	#FF9C7F
4947	#FF9E81
4948	#FFA084
4949	#FFA286
4950	#FFA388
4951	#FFA58A
4952	#FFA78C
4953	#FFA88E
4954	#FFAA8F
4955	#FFAB91
4956	#FFAC93
4957	#FFAE94
4958	#FFAF96
4959	#FFB097
4960	#FFB198
4961	#FFB299
4962	#FFB39B
4963	#FFB49C
4964	#FFB49D
4965	#FFB59E
4966	#FFB69E
4967	#FFB69F
4968	#FFB7A0
4969	#FFB7A0
4970	#FFB8A1
4971	#FFB8A1
4972	#FFB8A2
4973	#FFB9A2
4974	#FFB9A2
4975	#FFB9A2
4976	#FFB9A2
4977	#FFB9A2
4978	#FFB9A2
4979	#FFB8A1
4980	#FFB8A1
4981	#FFB8A1
4982	#FFB7A0
4983	#FFB7A0
4984	#FFB69F
4985	#FFB69E
4986	#FFB59D
4987	#FFB49D
4988	#FFB49C
4989	#FFB39B
4990	#FFB299
4991	#FFB198
4992	#FFB097
4993	#FFAF95
4994	#FFAE94
4995	#FFAC92
4996	#FFAB91
4997	#FFAA8F
4998	#FFA88D
4999	#FFA78C
5000	#FFA58A
5001	#FFA388
5002	#FFA286
5003	#FFA083
5004	#FF9E81
5005	#FF9C7F
5006	#FF9A7C
5007	#FF987A
5008	#FF9677
5009	#FF9375
5010	#FF9172
5011	#FF8F6F
5012	#FF8C6D
5013	#FF896A
5014	#FF8767
5015	#FF8464
5016	#FF8160
5017	#FF7E5D
5018	#FF7B5A
5019	#FF7857
5020	#FF7553
5021	#FF7150
5022	#FF6E4C
5023	#FF8E6F
5024	#FF9172
5025	#FF9374
5026	#FF9577
5027	#FF9779
5028	#FF997B
5029	#FF9B7E
5030	#FF9D80
5031	#FF9E82
5032	#FFA084
5033	#FFA286
5034	#FFA388
5035	#FFA589
5036	#FFA68B
5037	#FFA78D
5038	#FFA98E
5039	#FFAA90
5040	#FFAB91
5041	#FFAC92
5042	#FFAD93
5043	#FFAE94
5044	#FFAF96
5045	#FFB096
5046	#FFB097
5047	#FFB198
5048	#FFB199
5049	#FFB29A
5050	#FFB29A
5051	#FFB39B
5052	#FFB39B
5053	#FFB39B
5054	#FFB49C
5055	#FFB49C
5056	#FFB49C
5057	#FFB49C
5058	#FFB49C
5059	#FFB49B
5060	#FFB39B
5061	#FFB39B
5062	#FFB39A
5063	#FFB29A
5064	#FFB299
5065	#FFB199
5066	#FFB198
5067	#FFB097
5068	#FFAF96
5069	#FFAF95
5070	#FFAE94
5071	#FFAD93
5072	#FFAC92
5073	#FFAB91
5074	#FFAA8F
5075	#FFA88E
5076	#FFA78C
5077	#FFA68B
5078	#FFA489
5079	#FFA387
5080	#FFA185
5081	#FFA083
5082	#FF9E81
5083	#FF9C7F
5084	#FF9A7D
5085	#FF987B
5086	#FF9678
5087	#FF9476
5088	#FF9274
5089	#FF9071
5090	#FF8E6E
5091	#FF8B6C
5092	#FF8969
5093	#FF8666
5094	#FF8463
5095	#FF8160
5096	#FF7E5D
5097	#FF7B5A
5098	#FF7857
5099	#FF7554
5100	#FF7250
5101	#FF6E4D
5102	#FF6B49
5103	#FF6746
5104	#FF8969
5105	#FF8B6C
5106	#FF8E6E
5107	#FF9071
5108	#FF9273
5109	#FF9475
5110	#FF9678
5111	#FF977A
5112	#FF997C
5113	#FF9B7E
5114	#FF9D80
5115	#FF9E81
5116	#FFA083
5117	#FFA185
5118	#FFA286
5119	#FFA388
5120	#FFA589
5121	#FFA68B
5122	#FFA78C
5123	#FFA88D
5124	#FFA98E
5125	#FFAA8F
5126	#FFAA90
5127	#FFAB91
5128	#FFAC92
5129	#FFAC93
5130	#FFAD93
5131	#FFAD94
5132	#FFAE94
5133	#FFAE95
5134	#FFAE95
5135	#FFAE95
5136	#FFAE95
5137	#FFAF95
5138	#FFAF95
5139	#FFAE95
5140	#FFAE95
5141	#FFAE95
5142	#FFAE94
5143	#FFAD94
5144	#FFAD93
5145	#FFAD93
5146	#FFAC92
5147	#FFAB91
5148	#FFAB91
5149	#FFAA90
5150	#FFA98F
5151	#FFA88E
5152	#FFA78D
5153	#FFA68B
5154	#FFA58A
5155	#FFA489
5156	#FFA387
5157	#FFA286
5158	#FFA084
5159	#FF9F82
5160	#FF9D81
5161	#FF9C7F
5162	#FF9A7D
5163	#FF987B
5164	#FF9779
5165	#FF9576
5166	#FF9374
5167	#FF9172
5168	#FF8F70
5169	#FF8C6D
5170	#FF8A6B
5171	#FF8868
5172	#FF8565
5173	#FF8363
5174	#FF8060
5175	#FF7E5D
5176	#FF7B5A
5177	#FF7857
5178	#FF7554
5179	#FF7250
5180	#FF6F4D
5181	#FF6B4A
5182	#FF6846
5183	#FF6443
5184	#FF603F
5185	#FF8363
5186	#FF8666
5187	#FF8868
5188	#FF8A6B
5189	#FF8C6D
5190	#FF8E6F
5191	#FF9071
5192	#FF9273
5193	#FF9475
5194	#FF9677
5195	#FF9779
5196	#FF997B
5197	#FF9A7D
5198	#FF9C7E
5199	#FF9D80
5200	#FF9E81
5201	#FF9F83
5202	#FFA084
5203	#FFA185
5204	#FFA287
5205	#FFA388
5206	#FFA489
5207	#FFA58A
5208	#FFA68B
5209	#FFA68B
5210	#FFA78C
5211	#FFA78D
5212	#FFA88D
5213	#FFA88E
5214	#FFA98E
5215	#FFA98E
5216	#FFA98E
5217	#FFA98F
5218	#FFA98F
5219	#FFA98F
5220	#FFA98F
5221	#FFA98E
5222	#FFA98E
5223	#FFA88E
5224	#FFA88D
5225	#FFA88D
5226	#FFA78C
5227	#FFA78C
5228	#FFA68B
5229	#FFA58A
5230	#FFA489
5231	#FFA488
5232	#FFA387
5233	#FFA286
5234	#FFA185
5235	#FFA083
5236	#FF9E82
5237	#FF9D80
5238	#FF9C7F
5239	#FF9B7D
5240	#FF997C
5241	#FF987A
5242	#FF9678
5243	#FF9476
5244	#FF9374
5245	#FF9172
5246	#FF8F70
5247	#FF8D6E
5248	#FF8B6B
5249	#FF8969
5250	#FF8666
5251	#FF8464
5252	#FF8261
5253	#FF7F5F
5254	#FF7D5C
5255	#FF7A59
5256	#FF7756
5257	#FF7453
5258	#FF7150
5259	#FF6E4D
5260	#FF6B4A
5261	#FF6846
5262	#FF6443
5263	#FF6140
5264	#FF5D3C
5265	#FF5938
5266	#FF7E5D
5267	#FF805F
5268	#FF8262
5269	#FF8464
5270	#FF8766
5271	#FF8969
5272	#FF8B6B
5273	#FF8C6D
5274	#FF8E6F
5275	#FF9071
5276	#FF9173
5277	#FF9375
5278	#FF9576
5279	#FF9678
5280	#FF9779
5281	#FF997B
5282	#FF9A7C
5283	#FF9B7E
5284	#FF9C7F
5285	#FF9D80
5286	#FF9E81
5287	#FF9F82
5288	#FF9F83
5289	#FFA084
5290	#FFA185
5291	#FFA185
5292	#FFA286
5293	#FFA286
5294	#FFA387
5295	#FFA387
5296	#FFA387
5297	#FFA388
5298	#FFA388
5299	#FFA388
5300	#FFA388
5301	#FFA388
5302	#FFA388
5303	#FFA387
5304	#FFA387
5305	#FFA286
5306	#FFA286
5307	#FFA185
5308	#FFA185
5309	#FFA084
5310	#FF9F83
5311	#FF9F82
5312	#FF9E81
5313	#FF9D80
5314	#FF9C7F
5315	#FF9B7E
5316	#FF9A7C
5317	#FF997B
5318	#FF977A
5319	#FF9678
5320	#FF9576
5321	#FF9375
5322	#FF9273
5323	#FF9071
5324	#FF8E6F
5325	#FF8D6D
5326	#FF8B6B
5327	#FF8969
5328	#FF8767
5329	#FF8564
5330	#FF8262
5331	#FF8060
5332	#FF7E5D
5333	#FF7B5A
5334	#FF7958
5335	#FF7655
5336	#FF7352
5337	#FF714F
5338	#FF6E4C
5339	#FF6B49
5340	#FF6746
5341	#FF6443
5342	#FF603F
5343	#FF5D3C
5344	#FF5938
5345	#FF5535
5346	#FF5131
5347	#FF7756
5348	#FF7A59
5349	#FF7C5B
5350	#FF7E5E
5351	#FF8160
5352	#FF8362
5353	#FF8564
5354	#FF8666
5355	#FF8868
5356	#FF8A6A
5357	#FF8C6C
5358	#FF8D6E
5359	#FF8F70
5360	#FF9071
5361	#FF9173
5362	#FF9374
5363	#FF9476
5364	#FF9577
5365	#FF9678
5366	#FF9779
5367	#FF987A
5368	#FF997B
5369	#FF9A7C
5370	#FF9A7D
5371	#FF9B7E
5372	#FF9C7E
5373	#FF9C7F
5374	#FF9C7F
5375	#FF9D80
5376	#FF9D80
5377	#FF9D81
5378	#FF9E81
5379	#FF9E81
5380	#FF9E81
5381	#FF9E81
5382	#FF9D81
5383	#FF9D81
5384	#FF9D80
5385	#FF9D80
5386	#FF9C7F
5387	#FF9C7F
5388	#FF9B7E
5389	#FF9B7E
5390	#FF9A7D
5391	#FF997C
5392	#FF997B
5393	#FF987A
5394	#FF9779
5395	#FF9678
5396	#FF9577
5397	#FF9475
5398	#FF9374
5399	#FF9172
5400	#FF9071
5401	#FF8E6F
5402	#FF8D6E
5403	#FF8B6C
5404	#FF8A6A
5405	#FF8868
5406	#FF8666
5407	#FF8464
5408	#FF8262
5409	#FF8060
5410	#FF7E5D
5411	#FF7C5B
5412	#FF7A58
5413	#FF7756
5414	#FF7553
5415	#FF7251
5416	#FF6F4E
5417	#FF6C4B
5418	#FF6A48
5419	#FF6645
5420	#FF6342
5421	#FF603F
5422	#FF5C3C
5423	#FF5938
5424	#FF5535
5425	#FF5131
5426	#FF4C2D
5427	#FF482A
5428	#FF7150
5429	#FF7352
5430	#FF7654
5431	#FF7857
5432	#FF7A59
5433	#FF7C5B
5434	#FF7E5D
5435	#FF8060
5436	#FF8262
5437	#FF8463
5438	#FF8565
5439	#FF8767
5440	#FF8969
5441	#FF8A6A
5442	#FF8B6C
5443	#FF8D6D
5444	#FF8E6F
5445	#FF8F70
5446	#FF9071
5447	#FF9172
5448	#FF9273
5449	#FF9374
5450	#FF9475
5451	#FF9476
5452	#FF9577
5453	#FF9577
5454	#FF9678
5455	#FF9678
5456	#FF9779
5457	#FF9779
5458	#FF9779
5459	#FF977A
5460	#FF987A
5461	#FF987A
5462	#FF987A
5463	#FF977A
5464	#FF9779
5465	#FF9779
5466	#FF9779
5467	#FF9678
5468	#FF9678
5469	#FF9577
5470	#FF9576
5471	#FF9476
5472	#FF9375
5473	#FF9274
5474	#FF9273
5475	#FF9172
5476	#FF9071
5477	#FF8F6F
5478	#FF8D6E
5479	#FF8C6D
5480	#FF8B6B
5481	#FF896A
5482	#FF8868
5483	#FF8666
5484	#FF8565
5485	#FF8363
5486	#FF8161
5487	#FF805F
5488	#FF7E5D
5489	#FF7C5B
5490	#FF7958
5491	#FF7756
5492	#FF7554
5493	#FF7351
5494	#FF704F
5495	#FF6D4C
5496	#FF6B49
5497	#FF6847
5498	#FF6544
5499	#FF6241
5500	#FF5F3E
5501	#FF5B3B
5502	#FF5837
5503	#FF5434
5504	#FF5031
5505	#FF4C2D
5506	#FF4729
5507	#FF4325
5508	#FF3D21
5509	#FF6A49
5510	#FF6D4B
5511	#FF6F4E
5512	#FF7150
5513	#FF7452
5514	#FF7654
5515	#FF7857
5516	#FF7A59
5517	#FF7C5B
5518	#FF7D5C
5519	#FF7F5E
5520	#FF8160
5521	#FF8262
5522	#FF8463
5523	#FF8565
5524	#FF8666
5525	#FF8767
5526	#FF8969
5527	#FF8A6A
5528	#FF8B6B
5529	#FF8C6C
5530	#FF8C6D
5531	#FF8D6E
5532	#FF8E6F
5533	#FF8F6F
5534	#FF8F70
5535	#FF9071
5536	#FF9071
5537	#FF9072
5538	#FF9172
5539	#FF9172
5540	#FF9172
5541	#FF9172
5542	#FF9172
5543	#FF9172
5544	#FF9172
5545	#FF9172
5546	#FF9172
5547	#FF9071
5548	#FF9071
5549	#FF8F70
5550	#FF8F70
5551	#FF8E6F
5552	#FF8E6E
5553	#FF8D6D
5554	#FF8C6D
5555	#FF8B6C
5556	#FF8A6A
5557	#FF8969
5558	#FF8868
5559	#FF8767
5560	#FF8665
5561	#FF8464
5562	#FF8362
5563	#FF8161
5564	#FF805F
5565	#FF7E5D
5566	#FF7C5B
5567	#FF7A59
5568	#FF7957
5569	#FF7755
5570	#FF7553
5571	#FF7251
5572	#FF704F
5573	#FF6E4C
5574	#FF6B4A
5575	#FF6947
5576	#FF6645
5577	#FF6342
5578	#FF603F
5579	#FF5D3C
5580	#FF5A39
5581	#FF5636
5582	#FF5333
5583	#FF4F30
5584	#FF4B2C
5585	#FF4729
5586	#FF4225
5587	#FF3D21
5588	#FF371D
5589	#FF3118
5590	#FF6341
5591	#FF6544
5592	#FF6846
5593	#FF6A49
5594	#FF6C4B
5595	#FF6F4D
5596	#FF714F
5597	#FF7351
5598	#FF7553
5599	#FF7655
5600	#FF7857
5601	#FF7A59
5602	#FF7B5A
5603	#FF7D5C
5604	#FF7E5D
5605	#FF805F
5606	#FF8160
5607	#FF8261
5608	#FF8363
5609	#FF8464
5610	#FF8565
5611	#FF8666
5612	#FF8767
5613	#FF8767
5614	#FF8868
5615	#FF8969
5616	#FF8969
5617	#FF896A
5618	#FF8A6A
5619	#FF8A6A
5620	#FF8A6B
5621	#FF8B6B
5622	#FF8B6B
5623	#FF8B6B
5624	#FF8B6B
5625	#FF8A6B
5626	#FF8A6B
5627	#FF8A6A
5628	#FF8A6A
5629	#FF8969
5630	#FF8969
5631	#FF8868
5632	#FF8768
5633	#FF8767
5634	#FF8666
5635	#FF8565
5636	#FF8464
5637	#FF8363
5638	#FF8262
5639	#FF8160
5640	#FF805F
5641	#FF7F5E
5642	#FF7D5C
5643	#FF7C5B
5644	#FF7A59
5645	#FF7957
5646	#FF7756
5647	#FF7554
5648	#FF7352
5649	#FF7150
5650	#FF6F4E
5651	#FF6D4C
5652	#FF6B49
5653	#FF6847
5654	#FF6645
5655	#FF6342
5656	#FF613F
5657	#FF5E3D
5658	#FF5B3A
5659	#FF5837
5660	#FF5434
5661	#FF5131
5662	#FF4D2E
5663	#FF492B
5664	#FF4527
5665	#FF4124
5666	#FF3C20
5667	#FF361C
5668	#FF3018
5669	#FF2913
5670	#FF210D
5671	#FF5B3A
5672	#FF5D3D
5673	#FF603F
5674	#FF6341
5675	#FF6544
5676	#FF6746
5677	#FF6948
5678	#FF6B4A
5679	#FF6D4C
5680	#FF6F4E
5681	#FF7150
5682	#FF7351
5683	#FF7453
5684	#FF7654
5685	#FF7756
5686	#FF7957
5687	#FF7A59
5688	#FF7B5A
5689	#FF7C5B
5690	#FF7D5C
5691	#FF7E5D
5692	#FF7F5E
5693	#FF805F
5694	#FF8060
5695	#FF8160
5696	#FF8261
5697	#FF8262
5698	#FF8362
5699	#FF8363
5700	#FF8363
5701	#FF8363
5702	#FF8463
5703	#FF8463
5704	#FF8463
5705	#FF8463
5706	#FF8363
5707	#FF8363
5708	#FF8363
5709	#FF8362
5710	#FF8262
5711	#FF8261
5712	#FF8161
5713	#FF8060
5714	#FF805F
5715	#FF7F5E
5716	#FF7E5D
5717	#FF7D5C
5718	#FF7C5B
5719	#FF7B5A
5720	#FF7A59
5721	#FF7957
5722	#FF7756
5723	#FF7655
5724	#FF7453
5725	#FF7351
5726	#FF7150
5727	#FF6F4E
5728	#FF6D4C
5729	#FF6B4A
5730	#FF6948
5731	#FF6746
5732	#FF6544
5733	#FF6341
5734	#FF603F
5735	#FF5E3D
5736	#FF5B3A
5737	#FF5837
5738	#FF5535
5739	#FF5232
5740	#FF4E2F
5741	#FF4B2C
5742	#FF4729
5743	#FF4326
5744	#FF3E22
5745	#FF3A1E
5746	#FF341B
5747	#FF2E16
5748	#FF2712
5749	#FF1F0C
5750	#FF1406
5751	#FF0000
